sample_identifier;collection_id;sample_type_id;sample_status_id;country_code;country_origin_code;referent_id;sampling_date;sample_multiple_value;sample_parent_identifier;container_parent_identifier;md_taxon;md_longueur;md_riviere;md_num_individu;uuid
T93681-MON;1;2;1;FR;FR;1;10/09/1998;;T93681;BOITE;TRF;144;Dranse;T198;4a15ff4a-0261-5211-bd80-933e43fd389c
T93682-MON;1;2;1;FR;FR;1;10/09/1998;;T93682;BOITE;TRF;207;Dranse;T199;03a38670-772d-572b-8120-96e2610b8349
T93683-MON;1;2;1;FR;FR;1;10/09/1998;;T93683;BOITE;TRF;145;Dranse;T200;5d412d47-c3c5-5422-b650-2fa92d275f32
T93684-MON;1;2;1;FR;FR;1;10/09/1998;;T93684;BOITE;TRF;192;Dranse;T201;6b65b96a-36d5-56bb-8f2c-963e36ba332e
T93685-MON;1;2;1;FR;FR;1;10/09/1998;;T93685;BOITE;TRF;235;Dranse;T202;50d941af-87c6-51f8-acf1-18612c32ee77
T93686-MON;1;2;1;FR;FR;1;10/09/1998;;T93686;BOITE;TRF;166;Dranse;T203;b1e0e1e1-e946-5c0c-b2cd-0815f1346a76
T93687-MON;1;2;1;FR;FR;1;10/09/1998;;T93687;BOITE;TRF;152;Dranse;T204;02044be5-02f5-5772-9060-98c45bbba382
T93688-MON;1;2;1;FR;FR;1;10/09/1998;;T93688;BOITE;TRF;166;Dranse;T205;bd0a2312-c8e8-5b59-8c77-de4a90268e8f
T93689-MON;1;2;1;FR;FR;1;10/09/1998;;T93689;BOITE;TRF;128;Dranse;T206;893a4edf-e3da-54b3-8ba4-0bdf30fd0fe4
T93690-MON;1;2;1;FR;FR;1;10/09/1998;;T93690;BOITE;TRF;156;Dranse;T207;cf8efb11-82b7-537a-a3f3-5a9b04fa70fb
T93691-MON;1;2;1;FR;FR;1;10/09/1998;;T93691;BOITE;TRF;131;Dranse;T208;5c874ddb-0ba2-543f-b697-499202d07e78
T93692-MON;1;2;1;FR;FR;1;10/09/1998;;T93692;BOITE;TRF;110;Dranse;T209;669a8443-bb67-5e4c-86bf-11cdde913df8
T93693-MON;1;2;1;FR;FR;1;10/09/1998;;T93693;BOITE;TRF;76;Dranse;T210;10ecc840-e31b-558f-8fa0-a319a881eb76
T93694-MON;1;2;1;FR;FR;1;10/09/1998;;T93694;BOITE;TRF;100;Dranse;T211;9092ad5f-b63c-5da3-9f33-3a8d7cc557e5
T93695-MON;1;2;1;FR;FR;1;10/09/1998;;;BOITE;TRF;66;Dranse;T212;fa24b09f-1b9b-5a5d-b28a-bb159a51202a
T93696-MON;1;2;1;FR;FR;1;10/09/1998;;T93696;BOITE;TRF;250;Dranse;T214;a02062a3-3844-59c5-96bd-68bd774131d8
T93697-MON;1;2;1;FR;FR;1;10/09/1998;;T93697;BOITE;TRF;340;Dranse;T215;4449ebc2-6826-52ea-aa0f-87a2c8e2ed98
T93698-MON;1;2;1;FR;FR;1;10/09/1998;;T93698;BOITE;TRF;212;Dranse;T216;42969190-e446-5c87-a672-1aaf04848bf0
T93699-MON;1;2;1;FR;FR;1;10/09/1998;;T93699;BOITE;TRF;237;Dranse;T217;89dfa2b5-643a-5cbf-b8be-b59fb961efa5
T93700-MON;1;2;1;FR;FR;1;10/09/1998;;T93700;BOITE;TRF;223;Dranse;T218;5ca43614-425c-5294-bc5e-fb6235d2e6e5
T93701-MON;1;2;1;FR;FR;1;10/09/1998;;T93701;BOITE;TRF;204;Dranse;T219;3f10ad19-c31f-588c-9aef-c7baecc443d0
T93702-MON;1;2;1;FR;FR;1;10/09/1998;;T93702;BOITE;TRF;271;Dranse;T220;60964c4e-b752-5a13-92d9-a8458577866d
T93703-MON;1;2;1;FR;FR;1;10/09/1998;;T93703;BOITE;TRF;152;Dranse;T221;f10be00d-9190-5e8d-b15b-5cd2de0cb674
T93704-MON;1;2;1;FR;FR;1;18/09/1998;;T93704;BOITE;TRF;172;Dranse;T509;0071db17-23c6-5e14-9208-74145563b3cb
T93705-MON;1;2;1;FR;FR;1;18/09/1998;;T93705;BOITE;TRF;151;Dranse;T510;d7f92c35-6fb7-5c06-a0f0-873074be61f0
T93706-MON;1;2;1;FR;FR;1;18/09/1998;;T93706;BOITE;TRF;141;Dranse;T511;37e6b4e5-73d5-5ab2-8877-1651defd6fa8
T93707-MON;1;2;1;FR;FR;1;18/09/1998;;T93707;BOITE;TRF;167;Dranse;T512;6ead2a41-f900-5c06-b4db-4e514ba95680
T93708-MON;1;2;1;FR;FR;1;18/09/1998;;T93708;BOITE;TRF;146;Dranse;T513;7ee8be42-7921-5c7c-97c0-0a42563508b3
T93709-MON;1;2;1;FR;FR;1;18/09/1998;;T93709;BOITE;TRF;136;Dranse;T514;a17edd8f-3ef0-5b9b-ac0f-8a005c17ca5d
T93710-MON;1;2;1;FR;FR;1;18/09/1998;;T93710;BOITE;TRF;135;Dranse;T515;8417d87e-0799-5e54-8587-85f879aa16f2
T93711-MON;1;2;1;FR;FR;1;18/09/1998;;T93711;BOITE;TRF;132;Dranse;T516;d713a4bd-b3bd-570a-8b3d-4f6d7dffa5ba
T93712-MON;1;2;1;FR;FR;1;18/09/1998;;T93712;BOITE;TRF;93;Dranse;T517;b92ad90c-d9a5-5d19-896a-c2d447d0f8ac
T93713-MON;1;2;1;FR;FR;1;18/09/1998;;T93713;BOITE;TRF;130;Dranse;T518;01370759-2bdb-58ff-a74f-7322e68e377a
T93714-MON;1;2;1;FR;FR;1;18/09/1998;;T93714;BOITE;TRF;110;Dranse;T520;adeff476-76ae-590c-bc45-682c55d0ad15
T93715-MON;1;2;1;FR;FR;1;18/09/1998;;T93715;BOITE;TRF;90;Dranse;T521;3c4d5bd3-d618-57e9-b011-5caea186781a
T93716-MON;1;2;1;FR;FR;1;18/09/1998;;T93716;BOITE;TRF;100;Dranse;T523;d069ea52-5a8c-5cf4-9aa1-3ab95360a269
T93717-MON;1;2;1;FR;FR;1;18/09/1998;;T93717;BOITE;TRF;103;Dranse;T525;c3799dfa-14fd-5233-b5e6-6ec7c391b2c3
T93718-MON;1;2;1;FR;FR;1;18/09/1998;;T93718;BOITE;TRF;92;Dranse;T526;94915652-4f34-57e5-9be2-1f69ed95e6fb
T93719-MON;1;2;1;FR;FR;1;18/09/1998;;T93719;BOITE;TRF;85;Dranse;T527;83f50e2c-275b-5980-8a64-5c8d2e45c0c7
T93720-MON;1;2;1;FR;FR;1;18/09/1998;;T93720;BOITE;TRF;101;Dranse;T528;0d47bc3e-344a-50c5-a242-d823402433fd
T93721-MON;1;2;1;FR;FR;1;18/09/1998;;T93721;BOITE;TRF;107;Dranse;T529;1a9713dd-b4b8-5c92-9c09-37f0c87e3cbe
T93722-MON;1;2;1;FR;FR;1;18/09/1998;;T93722;BOITE;TRF;84;Dranse;T530;b764e589-4bda-5973-bf4e-e0cd4389e66d
T93723-MON;1;2;1;FR;FR;1;18/09/1998;;T93723;BOITE;TRF;91;Dranse;T531;01796ec8-60ac-54aa-86d2-3b369ef99b43
T93724-MON;1;2;1;FR;FR;1;18/09/1998;;T93724;BOITE;TRF;96;Dranse;T532;a65d300f-f364-5d78-a6c7-6e7fa6d3ac6e
T93725-MON;1;2;1;FR;FR;1;18/09/1998;;T93725;BOITE;TRF;96;Dranse;T533;3b3926a6-c019-56a6-a28c-118ff847974b
T93726-MON;1;2;1;FR;FR;1;18/09/1998;;T93726;BOITE;TRF;102;Dranse;T534;e73e66a4-2dbf-5ecd-beac-44d6009d03df
T93737-MON;1;2;1;FR;FR;1;10/09/1998;;T93737;BOITE;TRF;126;Dranse;T310;c1f78f95-58d5-52f3-b26f-8578bd937db2
T93738-MON;1;2;1;FR;FR;1;10/09/1998;;T93738;BOITE;TRF;122;Dranse;T311;218ad4db-6e3d-5655-a1c8-7ae5c3f6d702
T93739-MON;1;2;1;FR;FR;1;10/09/1998;;T93739;BOITE;TRF;141;Dranse;T312;866b5ac2-b38a-5072-96e9-7f4574f1538d
T93740-MON;1;2;1;FR;FR;1;10/09/1998;;T93740;BOITE;TRF;122;Dranse;T313;3907f8e0-356f-5f16-af75-9efc253757c0
T93741-MON;1;2;1;FR;FR;1;10/09/1998;;T93741;BOITE;TRF;129;Dranse;T314;1618611c-3088-5f45-a684-96801b9f26c5
T93742-MON;1;2;1;FR;FR;1;10/09/1998;;T93742;BOITE;TRF;130;Dranse;T315;6bc84613-ce01-5721-afe2-3dc2de22c89c
T93743-MON;1;2;1;FR;FR;1;10/09/1998;;T93743;BOITE;TRF;130;Dranse;T316;e9c57c0d-4578-509b-8ce1-94a6fb900896
T93744-MON;1;2;1;FR;FR;1;10/09/1998;;T93744;BOITE;TRF;134;Dranse;T317;2bac9258-8979-52ca-b981-abf17beb03ab
T93745-MON;1;2;1;FR;FR;1;10/09/1998;;T93745;BOITE;TRF;121;Dranse;T318;ced95172-1e37-5db6-b120-6a2a30d271cf
T93746-MON;1;2;1;FR;FR;1;10/09/1998;;T93746;BOITE;TRF;172;Dranse;T319;8b8e3d26-3b89-5819-ac36-cc7ac9bfe030
T93747-MON;1;2;1;FR;FR;1;10/09/1998;;T93747;BOITE;TRF;136;Dranse;T320;e29c130b-eba2-5c15-9b36-03e65bd9dc9b
T93748-MON;1;2;1;FR;FR;1;10/09/1998;;T93748;BOITE;TRF;135;Dranse;T321;0354c364-4709-5bd0-980a-bac3ee606f41
T93749-MON;1;2;1;FR;FR;1;10/09/1998;;T93749;BOITE;TRF;118;Dranse;T322;8552bc31-02cf-537d-b5d9-21fb89a2cd56
T93750-MON;1;2;1;FR;FR;1;10/09/1998;;T93750;BOITE;TRF;335;Dranse;T282;68b80eea-0a34-58ad-8289-0989fbc361f2
T93751-MON;1;2;1;FR;FR;1;10/09/1998;;T93751;BOITE;TRF;287;Dranse;T283;67b722a2-7169-550a-9101-1587bcbd16e2
T93752-MON;1;2;1;FR;FR;1;10/09/1998;;T93752;BOITE;TRF;275;Dranse;T285;e192071a-7410-5ff3-9a58-ef7bb6270ef4
T93753-MON;1;2;1;FR;FR;1;10/09/1998;;T93753;BOITE;TRF;307;Dranse;T286;c68e06aa-8baf-5704-a5f3-b4fba8c06abd
T93754-MON;1;2;1;FR;FR;1;10/09/1998;;T93754;BOITE;TRF;222;Dranse;T287;ad588b70-3997-5761-99bc-c90bd49eb631
T93755-MON;1;2;1;FR;FR;1;10/09/1998;;T93755;BOITE;TRF;314;Dranse;T288;a1bfe275-ae3b-5638-bef6-de534c72b680
T93757-MON;1;2;1;FR;FR;1;10/09/1998;;T93757;BOITE;TRF;208;Dranse;T290;41cd5ab8-b714-5aa1-90e7-da3b9f8567bc
T93759-MON;1;2;1;FR;FR;1;10/09/1998;;T93759;BOITE;TRF;142;Dranse;T292;d3bedf16-1bb0-51bb-a1c8-b2d0850616fa
T93760-MON;1;2;1;FR;FR;1;10/09/1998;;T93760;BOITE;TRF;234;Dranse;T293;17fea15b-ec20-5101-bdcb-e5f5e0e79905
T93761-MON;1;2;1;FR;FR;1;10/09/1998;;T93761;BOITE;TRF;252;Dranse;T294;16de6ebe-2e20-5fa4-8c07-a0ed840bfa10
T93762-MON;1;2;1;FR;FR;1;10/09/1998;;T93762;BOITE;TRF;252;Dranse;T295;85c06bb4-69a2-58b8-b5ca-48804d695c21
T93763-MON;1;2;1;FR;FR;1;10/09/1998;;T93763;BOITE;TRF;262;Dranse;T296;0f66bffe-c29b-531a-9bec-0794982d2f13
T93764-MON;1;2;1;FR;FR;1;10/09/1998;;T93764;BOITE;TRF;202;Dranse;T297;01cc0abc-bdbd-55d8-a363-496aa5a1e230
T93765-MON;1;2;1;FR;FR;1;10/09/1998;;T93765;BOITE;TRF;194;Dranse;T298;9b988d14-8c37-5ea4-abd4-c0de041b8c07
T93766-MON;1;2;1;FR;FR;1;10/09/1998;;T93766;BOITE;TRF;196;Dranse;T299;04d8526e-d729-57e3-a31b-7bcb402ba718
T93768-MON;1;2;1;FR;FR;1;10/09/1998;;T93768;BOITE;TRF;130;Dranse;T272;7ec46760-12a3-5211-98bb-b07f30679820
T93769-MON;1;2;1;FR;FR;1;10/09/1998;;T93769;BOITE;TRF;131;Dranse;T273;52b7340c-d2fa-5178-8434-6a537152d8ff
T93770-MON;1;2;1;FR;FR;1;18/09/1998;;T93770;BOITE;TRF;192;Dranse;T508;451d587f-d395-5ca0-8160-4fc24912fe1c
T93771-MON;1;2;1;FR;FR;1;10/09/1998;;T93771;BOITE;TRF;75;Dranse;T275;2aa503e3-aa61-5b3b-9de9-0a6f68b41103
T93773-MON;1;2;1;FR;FR;1;10/09/1998;;T93773;BOITE;TRF;78;Dranse;T277;5b9a145c-ae89-5c77-88f8-96a7c441b71d
T93774-MON;1;2;1;FR;FR;1;15/09/1998;;T93774;BOITE;TRF;128;Dranse;T484;acbf9db2-daed-5b71-93c6-4644e3030983
T93775-MON;1;2;1;FR;FR;1;18/09/1998;;T93775;BOITE;TRF;250;Dranse;T487;a757fd38-3f2d-533e-b3ce-e182c671ee94
T93776-MON;1;2;1;FR;FR;1;18/09/1998;;T93776;BOITE;TRF;213;Dranse;T488;16631b13-62e7-5510-9cde-d51c04d5174b
T93777-MON;1;2;1;FR;FR;1;18/09/1998;;T93777;BOITE;TRF;202;Dranse;T489;c79c8f55-b289-5244-90a4-2de6b67fba38
T93778-MON;1;2;1;FR;FR;1;18/09/1998;;T93778;BOITE;TRF;182;Dranse;T490;e2b53072-a81d-58a0-b628-21433f7b67c1
T93779-MON;1;2;1;FR;FR;1;18/09/1998;;T93779;BOITE;TRF;168;Dranse;T491;bdf0c7b3-f1ff-5963-b74a-86c3655c3feb
T93780-MON;1;2;1;FR;FR;1;18/09/1998;;T93780;BOITE;TRF;210;Dranse;T492;cb9fad14-3d6e-59e6-8793-c898390ad2e6
T93781-MON;1;2;1;FR;FR;1;18/09/1998;;T93781;BOITE;TRF;304;Dranse;T493;327084e4-9eba-5e92-8177-78bf08ecf54f
T93782-MON;1;2;1;FR;FR;1;18/09/1998;;T93782;BOITE;TRF;152;Dranse;T494;f72879a0-456d-5ea0-b94a-ad9f5ace5e3f
T93783-MON;1;2;1;FR;FR;1;18/09/1998;;T93783;BOITE;TRF;194;Dranse;T495;930a3667-ba2a-580a-9b56-66ddd0aaf583
T93784-MON;1;2;1;FR;FR;1;18/09/1998;;T93784;BOITE;TRF;195;Dranse;T496;9a70511d-09bb-57b2-99dd-ef90d08a429a
T93785-MON;1;2;1;FR;FR;1;18/09/1998;;T93785;BOITE;TRF;232;Dranse;T497;c33d9bb8-38fe-5aa9-b727-120de824eeb8
T93786-MON;1;2;1;FR;FR;1;18/09/1998;;T93786;BOITE;TRF;184;Dranse;T498;259558fa-d874-524b-a043-d70f3e4194dc
T93787-MON;1;2;1;FR;FR;1;18/09/1998;;T93787;BOITE;TRF;221;Dranse;T499;34bdde17-2686-5317-b4bd-57c97a0e32e9
T93788-MON;1;2;1;FR;FR;1;18/09/1998;;T93788;BOITE;TRF;144;Dranse;T500;31462810-45e2-5489-a4c7-b27b46c79fad
T93789-MON;1;2;1;FR;FR;1;18/09/1998;;T93789;BOITE;TRF;182;Dranse;T501;72fcc6ab-7165-54ef-91aa-1dee20236f0b
T93790-MON;1;2;1;FR;FR;1;18/09/1998;;T93790;BOITE;TRF;141;Dranse;T502;d13035d7-e4e9-5a22-b8b8-5c7cf8e5e0c2
T93791-MON;1;2;1;FR;FR;1;18/09/1998;;T93791;BOITE;TRF;156;Dranse;T503;b129e828-e965-5b71-beac-fbeec234a37e
T93792-MON;1;2;1;FR;FR;1;18/09/1998;;T93792;BOITE;TRF;155;Dranse;T504;9699f961-6bce-55e5-91f6-5f0d71f2ae2c
T93793-MON;1;2;1;FR;FR;1;18/09/1998;;T93793;BOITE;TRF;126;Dranse;T505;588db9be-aa3a-52e9-84f2-2d057c4addc0
T93794-MON;1;2;1;FR;FR;1;18/09/1998;;T93794;BOITE;TRF;172;Dranse;T506;f8e12eb9-419a-5174-8908-dd709b92247b
T93795-MON;1;2;1;FR;FR;1;18/09/1998;;T93795;BOITE;TRF;131;Dranse;T507;c1b4ed90-80f3-5d03-a236-5142f70e4776
T93796-MON;1;2;1;FR;FR;1;10/09/1998;;T93796;BOITE;TRF;194;Dranse;T353;5047299f-c2b1-51f8-a98a-ada214499194
T93797-MON;1;2;1;FR;FR;1;10/09/1998;;T93797;BOITE;TRF;250;Dranse;T354;1726de6d-1ffb-53e7-bf7a-b1dbe03d7b79
T93798-MON;1;2;1;FR;FR;1;10/09/1998;;T93798;BOITE;TRF;230;Dranse;T355;361a55ec-6467-58bf-9986-51b0b6125716
T93799-MON;1;2;1;FR;FR;1;10/09/1998;;T93799;BOITE;TRF;253;Dranse;T356;fdd2fac8-8d73-505f-9143-5b7752f99077
T93800-MON;1;2;1;FR;FR;1;10/09/1998;;T93800;BOITE;TRF;227;Dranse;T357;733df941-b6ad-5bce-ae10-ba794e18eaf0
T93801-MON;1;2;1;FR;FR;1;10/09/1998;;T93801;BOITE;TRF;220;Dranse;T358;92ba5de4-48e1-5a2c-959c-9c33a118382c
T93802-MON;1;2;1;FR;FR;1;10/09/1998;;T93802;BOITE;TRF;272;Dranse;T359;8d64f0b7-3203-5762-8381-054a23ba14e9
T93803-MON;1;2;1;FR;FR;1;10/09/1998;;T93803;BOITE;TRF;205;Dranse;T360;fda8ee43-ad75-5f22-b382-ef18cb498ccc
T93804-MON;1;2;1;FR;FR;1;10/09/1998;;T93804;BOITE;TRF;238;Dranse;T361;cc664710-9748-5426-9e97-52d1bccb1876
T93805-MON;1;2;1;FR;FR;1;10/09/1998;;T93805;BOITE;TRF;183;Dranse;T362;d3bf0a40-8303-57a8-9fba-48a34a8434ef
T93806-MON;1;2;1;FR;FR;1;10/09/1998;;T93806;BOITE;TRF;251;Dranse;T363;dd1728d5-a06d-5fca-992c-7b89fcf83e84
T93807-MON;1;2;1;FR;FR;1;10/09/1998;;T93807;BOITE;TRF;228;Dranse;T364;462f9041-5cf9-596d-9699-cab3e46c5c1c
T93808-MON;1;2;1;FR;FR;1;10/09/1998;;T93808;BOITE;TRF;164;Dranse;T365;d7343a88-97fd-5e40-8261-751f3aab7775
T93809-MON;1;2;1;FR;FR;1;10/09/1998;;T93809;BOITE;TRF;193;Dranse;T366;a6c4ffee-2cf1-51d7-b17b-d29f37e79e21
T93810-MON;1;2;1;FR;FR;1;10/09/1998;;T93810;BOITE;TRF;189;Dranse;T367;b805a46f-cbda-5618-b114-f7615c4ea9f7
T93811-MON;1;2;1;FR;FR;1;10/09/1998;;T93811;BOITE;TRF;208;Dranse;T368;072fd790-34ca-5fcd-86af-5f6dcee1e48d
T93812-MON;1;2;1;FR;FR;1;10/09/1998;;T93812;BOITE;TRF;164;Dranse;T369;8702b97e-3304-5b24-82c1-0d25aa4c397a
T93813-MON;1;2;1;FR;FR;1;10/09/1998;;T93813;BOITE;TRF;188;Dranse;T370;0cd9c7dc-25fc-569c-9293-595383c59e97
T93814-MON;1;2;1;FR;FR;1;10/09/1998;;T93814;BOITE;TRF;132;Dranse;T371;ccdcf65c-6464-540c-a194-01475bea2b05
T93815-MON;1;2;1;FR;FR;1;10/09/1998;;T93815;BOITE;TRF;118;Dranse;T372;405c8d74-dc3a-58c7-8601-7d019d7deecb
T93816-MON;1;2;1;FR;FR;1;10/09/1998;;T93816;BOITE;TRF;191;Dranse;T373;ebd319ae-ac13-55ca-929f-734a073ce4d2
T93817-MON;1;2;1;FR;FR;1;10/09/1998;;T93817;BOITE;TRF;115;Dranse;T374;d9e274d3-f528-5073-8ed6-364bbfc2d762
T93818-MON;1;2;1;FR;FR;1;10/09/1998;;T93818;BOITE;TRF;126;Dranse;T375;6e61df3f-6eee-5561-b009-adffb2ad3b81
T93819-MON;1;2;1;FR;FR;1;10/09/1998;;T93819;BOITE;TRF;121;Dranse;T376;45b6ecc7-2dab-5f50-b2f9-2c16d56b2bf1
T93820-MON;1;2;1;FR;FR;1;10/09/1998;;T93820;BOITE;TRF;148;Dranse;T323;b5e9db75-3a73-5aa0-96d6-c0a930f45104
T93821-MON;1;2;1;FR;FR;1;10/09/1998;;T93821;BOITE;TRF;127;Dranse;T324;0999d880-fd52-5922-b627-6b6b74be3156
T93822-MON;1;2;1;FR;FR;1;10/09/1998;;T93822;BOITE;TRF;135;Dranse;T325;8f2689cc-962e-58fa-832a-45dac482a228
T93823-MON;1;2;1;FR;FR;1;10/09/1998;;T93823;BOITE;TRF;123;Dranse;T326;f6755ee7-90dc-5965-816a-0e69d9605028
T93824-MON;1;2;1;FR;FR;1;10/09/1998;;T93824;BOITE;TRF;120;Dranse;T327;11b60934-4aaa-575b-8b72-d9aa125292f2
T93825-MON;1;2;1;FR;FR;1;10/09/1998;;T93825;BOITE;TRF;128;Dranse;T328;fed34195-765f-55bc-979f-24c6bfb59138
T93826-MON;1;2;1;FR;FR;1;10/09/1998;;T93826;BOITE;TRF;147;Dranse;T329;cf05eb5c-6783-594a-8374-d5c214849c3d
T93827-MON;1;2;1;FR;FR;1;10/09/1998;;T93827;BOITE;TRF;120;Dranse;T330;5325e456-295e-5602-b52d-4243e41feb50
T93828-MON;1;2;1;FR;FR;1;10/09/1998;;T93828;BOITE;TRF;107;Dranse;T331;a9877816-6179-567e-a73b-ed2d102674c1
T93829-MON;1;2;1;FR;FR;1;10/09/1998;;T93829;BOITE;TRF;86;Dranse;T332;ca04131c-c4c1-552f-adc9-fbcd6e165776
T93830-MON;1;2;1;FR;FR;1;10/09/1998;;T93830;BOITE;TRF;88;Dranse;T333;84dc0f12-1602-5229-8b8a-2d41e9803ca8
T93831-MON;1;2;1;FR;FR;1;18/09/1998;;T93831;BOITE;TRF;97;Dranse;T589;db7d5575-b949-5884-93f3-508b9da89c48
T93832-MON;1;2;1;FR;FR;1;18/09/1998;;T93832;BOITE;TRF;111;Dranse;T590;1324aa2c-6cba-5751-a940-ebb62295db45
T93833-MON;1;2;1;FR;FR;1;18/09/1998;;T93833;BOITE;TRF;139;Dranse;T591;de662068-3f1f-570e-8032-6d2b8ac35c81
T93834-MON;1;2;1;FR;FR;1;18/09/1998;;T93834;BOITE;TRF;110;Dranse;T592;1adb9021-2b80-57e7-8066-7c02e7755e06
T93835-MON;1;2;1;FR;FR;1;18/09/1998;;T93835;BOITE;TRF;117;Dranse;T593;a5f82dc8-96bb-5eea-a7b6-e3de0d6003a1
T93836-MON;1;2;1;FR;FR;1;18/09/1998;;T93836;BOITE;TRF;102;Dranse;T594;dab126d4-029a-5cf6-9152-013be72e94f0
T93837-MON;1;2;1;FR;FR;1;18/09/1998;;T93837;BOITE;TRF;85;Dranse;T595;3ac4d1a9-c2ef-5e6d-a6d7-a6cc153d0ef8
T93838-MON;1;2;1;FR;FR;1;18/09/1998;;T93838;BOITE;TRF;82;Dranse;T596;5f9e6a6a-6b40-584b-9ace-9dbd08d157e9
T93839-MON;1;2;1;FR;FR;1;18/09/1998;;T93839;BOITE;TRF;77;Dranse;T597;52035e31-6883-58af-9183-839ed47a4efb
T93840-MON;1;2;1;FR;FR;1;09/09/1998;;T93840;BOITE;TRF;147;Dranse;T83;79120756-bf44-58d0-a9f1-38abfccb1572
T93841-MON;1;2;1;FR;FR;1;09/09/1998;;T93841;BOITE;TRF;117;Dranse;T84;fb1eb55d-5acb-538f-8e86-54e32afa285f
T93842-MON;1;2;1;FR;FR;1;09/09/1998;;T93842;BOITE;TRF;142;Dranse;T85;3ea85b0d-f8ed-5205-bdc9-edbb094bb2b9
T93843-MON;1;2;1;FR;FR;1;09/09/1998;;T93843;BOITE;TRF;132;Dranse;T86;2538da63-0cf1-5b46-aada-01012d0b6336
T93844-MON;1;2;1;FR;FR;1;09/09/1998;;T93844;BOITE;TRF;120;Dranse;T87;538922dd-011f-589c-b86b-269e1d64dd17
T93845-MON;1;2;1;FR;FR;1;09/09/1998;;T93845;BOITE;TRF;130;Dranse;T88;2ddac851-97a8-568a-b3db-48d216ef041b
T93846-MON;1;2;1;FR;FR;1;09/09/1998;;T93846;BOITE;TRF;119;Dranse;T89;1e7c67bf-7118-57d9-a374-9f4fce55ba87
T93847-MON;1;2;1;FR;FR;1;09/09/1998;;T93847;BOITE;TRF;135;Dranse;T90;ec676831-433e-5d86-bdee-f16501bccc00
T93848-MON;1;2;1;FR;FR;1;09/09/1998;;T93848;BOITE;TRF;115;Dranse;T91;09ddf66f-8242-5f78-8c32-915601d22be4
T93849-MON;1;2;1;FR;FR;1;09/09/1998;;T93849;BOITE;TRF;127;Dranse;T92;4ecb71f1-60db-500e-abc9-fd4b6460ca09
T93850-MON;1;2;1;FR;FR;1;09/09/1998;;T93850;BOITE;TRF;138;Dranse;T93;1d0a9ad0-39f4-5c1f-8086-1fb644d048d2
T93851-MON;1;2;1;FR;FR;1;09/09/1998;;T93851;BOITE;TRF;122;Dranse;T94;6edb0ef7-7dd8-5d05-8a81-ac000d4e020e
T93852-MON;1;2;1;FR;FR;1;09/09/1998;;T93852;BOITE;TRF;104;Dranse;T95;0b3ed099-1eb9-5f8b-8057-5ab529a3abe5
T93853-MON;1;2;1;FR;FR;1;09/09/1998;;T93853;BOITE;TRF;114;Dranse;T96;b03b7287-51ad-5b6e-a31c-b5ec735d5ae3
T93854-MON;1;2;1;FR;FR;1;09/09/1998;;T93854;BOITE;TRF;87;Dranse;T97;ec802adb-1ff5-5701-a48b-f3d7e95f26d3
T93855-MON;1;2;1;FR;FR;1;09/09/1998;;T93855;BOITE;TRF;75;Dranse;T98;0f45e49d-0c30-5712-83f6-3d9595375d3d
T93856-MON;1;2;1;FR;FR;1;10/09/1998;;T93856;BOITE;TRF;243;Dranse;T222;48f08cd1-fd37-5680-a93d-bc21ec41e412
T93857-MON;1;2;1;FR;FR;1;10/09/1998;;T93857;BOITE;TRF;290;Dranse;T223;44b28212-7ccd-536b-a9ae-210a1dc6a29b
T93858-MON;1;2;1;FR;FR;1;10/09/1998;;T93858;BOITE;TRF;182;Dranse;T224;a550c590-6100-5017-8a62-0e3f393dc373
T93859-MON;1;2;1;FR;FR;1;10/09/1998;;T93859;BOITE;TRF;217;Dranse;T225;d4f9b660-b55a-5859-adbe-ee5b9d4ebc86
T93860-MON;1;2;1;FR;FR;1;10/09/1998;;T93860;BOITE;TRF;204;Dranse;T226;8e31ac86-750b-5edc-876f-f7390fe67b5a
T93861-MON;1;2;1;FR;FR;1;10/09/1998;;T93861;BOITE;TRF;246;Dranse;T227;9b3f9cc8-ca6b-5a35-91bf-ea604382b922
T93862-MON;1;2;1;FR;FR;1;10/09/1998;;T93862;BOITE;TRF;243;Dranse;T228;3308805c-ea16-55c7-9311-9274c4c8346b
T93863-MON;1;2;1;FR;FR;1;10/09/1998;;T93863;BOITE;TRF;243;Dranse;T229;eb3ea8fa-2d49-5ac9-8512-291b698e2d3c
T93864-MON;1;2;1;FR;FR;1;10/09/1998;;T93864;BOITE;TRF;192;Dranse;T230;42fdf665-6dd7-5f7f-a8e6-692fbf82c0a8
T93865-MON;1;2;1;FR;FR;1;10/09/1998;;T93865;BOITE;TRF;220;Dranse;T231;5a95dd65-9477-51e7-a4e9-ace15f22bfec
T93866-MON;1;2;1;FR;FR;1;10/09/1998;;T93866;BOITE;TRF;210;Dranse;T232;1a0ee735-4524-5d34-98d8-09fab7451dab
T93867-MON;1;2;1;FR;FR;1;10/09/1998;;T93867;BOITE;TRF;198;Dranse;T233;9a6b74bc-dc83-5c20-9817-9ce4d4dc277c
T93868-MON;1;2;1;FR;FR;1;10/09/1998;;T93868;BOITE;TRF;133;Dranse;T234;a8c0c9eb-79ed-527f-a52d-b27e1c40eac3
T93869-MON;1;2;1;FR;FR;1;10/09/1998;;T93869;BOITE;TRF;232;Dranse;T235;570ae22a-d744-56b9-95bd-3c8d2fabc707
T93870-MON;1;2;1;FR;FR;1;10/09/1998;;T93870;BOITE;TRF;246;Dranse;T236;cb35113b-9e90-50bd-81d1-a0dac9d46878
T93871-MON;1;2;1;FR;FR;1;10/09/1998;;T93871;BOITE;TRF;182;Dranse;T237;a38c8598-1fea-5c0c-be16-16da47bdaa15
T93872-MON;1;2;1;FR;FR;1;10/09/1998;;T93872;BOITE;TRF;180;Dranse;T239;e079ca4b-7fdf-50fe-9d43-214a7bc9a423
T93873-MON;1;2;1;FR;FR;1;10/09/1998;;T93873;BOITE;TRF;143;Dranse;T240;74d72ae8-68aa-5ced-847d-4d837373a446
T93874-MON;1;2;1;FR;FR;1;10/09/1998;;T93874;BOITE;TRF;137;Dranse;T241;f899f580-9be4-5012-bfa5-ebf0463b8756
T93875-MON;1;2;1;FR;FR;1;10/09/1998;;T93875;BOITE;TRF;144;Dranse;T242;c3ba8772-476b-5016-b319-8266a1a607b5
T93876-MON;1;2;1;FR;FR;1;10/09/1998;;T93876;BOITE;TRF;147;Dranse;T243;d44246ff-107b-5c95-b43f-44ab01fffabe
T93877-MON;1;2;1;FR;FR;1;10/09/1998;;T93877;BOITE;TRF;113;Dranse;T244;5d267bff-b1b4-5f71-b39f-922cd1f456dd
T93878-MON;1;2;1;FR;FR;1;10/09/1998;;T93878;BOITE;TRF;203;Dranse;T245;629f851c-cd86-5924-9a57-739cad42249c
T93879-MON;1;2;1;FR;FR;1;09/09/1998;;T93879;BOITE;TRF;240;Dranse;T6;95c1b606-8f23-5fa6-ba29-faa460a0f149
T93880-MON;1;2;1;FR;FR;1;09/09/1998;;T93880;BOITE;TRF;218;Dranse;T7;a2871940-48e0-5af9-b2d1-37d16474d5ad
T93881-MON;1;2;1;FR;FR;1;09/09/1998;;T93881;BOITE;TRF;248;Dranse;T8;e8871855-1833-54e9-b874-ee3a88357283
T93882-MON;1;2;1;FR;FR;1;09/09/1998;;T93882;BOITE;TRF;175;Dranse;T9;bc61f0d6-8a17-5cf8-a4cf-f9ce2448c3c0
T93883-MON;1;2;1;FR;FR;1;09/09/1998;;T93883;BOITE;TRF;305;Dranse;T10;6860d681-93c6-5fac-a350-818db69c4f62
T93884-MON;1;2;1;FR;FR;1;09/09/1998;;T93884;BOITE;TRF;235;Dranse;T11;eefba5ad-b310-5f0c-8101-3e8d06da7873
T93885-MON;1;2;1;FR;FR;1;09/09/1998;;T93885;BOITE;TRF;226;Dranse;T12;c23f9287-b6c0-57b2-8199-8e22a214491e
T93886-MON;1;2;1;FR;FR;1;09/09/1998;;T93886;BOITE;TRF;212;Dranse;T13;1866a01a-3cd3-5dd6-b5cc-8d4d8fba7c1d
T93887-MON;1;2;1;FR;FR;1;09/09/1998;;T93887;BOITE;TRF;345;Dranse;T14;fda3429c-3f68-5a57-afe8-64fd1962bec1
T93888-MON;1;2;1;FR;FR;1;09/09/1998;;T93888;BOITE;TRF;255;Dranse;T15;a208c6f1-fae8-5837-9c37-68decc10c292
T93889-MON;1;2;1;FR;FR;1;09/09/1998;;T93889;BOITE;TRF;235;Dranse;T16;e5b71c60-bf79-560a-8c82-625e966b862d
T93890-MON;1;2;1;FR;FR;1;09/09/1998;;T93890;BOITE;TRF;242;Dranse;T17;b384e94a-91a3-5bc1-a6a7-a1cf860abc45
T93891-MON;1;2;1;FR;FR;1;09/09/1998;;T93891;BOITE;TRF;185;Dranse;T18;e0decad6-c860-5cce-a920-4d3756a3408d
T93892-MON;1;2;1;FR;FR;1;09/09/1998;;T93892;BOITE;TRF;182;Dranse;T19;c52a7bda-26a0-55ec-8dd5-ac2f42ee9db8
T93893-MON;1;2;1;FR;FR;1;09/09/1998;;T93893;BOITE;TRF;242;Dranse;T20;8947c267-80f9-5526-b3d1-649ee91641a8
T93894-MON;1;2;1;FR;FR;1;09/09/1998;;T93894;BOITE;TRF;165;Dranse;T21;a890e6aa-af42-5a22-8fd5-e8a43906973b
T93895-MON;1;2;1;FR;FR;1;09/09/1998;;T93895;BOITE;TRF;142;Dranse;T22;a23258df-3afb-5c73-88a3-29be723b9e55
T93896-MON;1;2;1;FR;FR;1;09/09/1998;;T93896;BOITE;TRF;118;Dranse;T23;98a4b669-a883-5440-8702-a96a0be0524c
T93897-MON;1;2;1;FR;FR;1;09/09/1998;;T93897;BOITE;TRF;161;Dranse;T24;fb22824f-a272-5098-bdf3-8a5dc3024a98
T93898-MON;1;2;1;FR;FR;1;09/09/1998;;T93898;BOITE;TRF;136;Dranse;T25;ad50956b-814d-5412-a77d-51d17d7f9f84
T93899-MON;1;2;1;FR;FR;1;09/09/1998;;T93899;BOITE;TRF;78;Dranse;T27;e5d86b9b-bf1d-5a69-a27a-197ec5bbf44c
T93900-MON;1;2;1;FR;FR;1;09/09/1998;;T93900;BOITE;TRF;302;Dranse;T30;fa777c19-e733-52bc-a732-1350757e436e
T93901-MON;1;2;1;FR;FR;1;09/09/1998;;T93901;BOITE;TRF;306;Dranse;T31;c7b9bfc7-6008-53df-92b4-424588a66e6c
T93902-MON;1;2;1;FR;FR;1;11/09/1998;;T93902;BOITE;TRF;138;Dranse;T423;92b7a876-9dec-5f47-ba43-53a853895af6
T93903-MON;1;2;1;FR;FR;1;11/09/1998;;T93903;BOITE;TRF;138;Dranse;T424;1e3f80d8-64e3-5c5e-b837-db5489103e7c
T93904-MON;1;2;1;FR;FR;1;11/09/1998;;T93904;BOITE;TRF;165;Dranse;T425;b3ebc6a6-7a78-56ce-b5c7-6577909a37a2
T93905-MON;1;2;1;FR;FR;1;11/09/1998;;T93905;BOITE;TRF;166;Dranse;T426;6316dce0-b914-5d5b-86d9-7888839cfd85
T93906-MON;1;2;1;FR;FR;1;11/09/1998;;T93906;BOITE;TRF;124;Dranse;T427;c64be141-d076-5004-8312-523cb52ea218
T93907-MON;1;2;1;FR;FR;1;11/09/1998;;T93907;BOITE;TRF;124;Dranse;T428;aa60e605-e4ea-5703-a5d1-529e8e37e8c9
T93908-MON;1;2;1;FR;FR;1;11/09/1998;;T93908;BOITE;TRF;98;Dranse;T429;dc24bee8-317d-5463-b784-7a33c0e3ef47
T93909-MON;1;2;1;FR;FR;1;11/09/1998;;T93909;BOITE;TRF;110;Dranse;T430;e4a1cc77-3f07-5fe7-b2dc-07aff15fe696
T93910-MON;1;2;1;FR;FR;1;11/09/1998;;T93910;BOITE;TRF;104;Dranse;T431;a914d556-ebd7-5f69-9381-6801177c0d32
T93911-MON;1;2;1;FR;FR;1;11/09/1998;;T93911;BOITE;TRF;105;Dranse;T432;904f8a13-139b-5b99-ae4e-968151202e5c
T93912-MON;1;2;1;FR;FR;1;11/09/1998;;T93912;BOITE;TRF;115;Dranse;T433;6a852f8b-04bf-5b24-9681-3144aeeb7e64
T93913-MON;1;2;1;FR;FR;1;11/09/1998;;T93913;BOITE;TRF;182;Dranse;T440;05f26a14-cb27-5abf-a321-a3ceebf2e4e1
T93914-MON;1;2;1;FR;FR;1;11/09/1998;;T93914;BOITE;TRF;142;Dranse;T441;4341d8f9-c0f9-5a96-9f73-d06cbc7e4096
T93915-MON;1;2;1;FR;FR;1;11/09/1998;;T93915;BOITE;TRF;205;Dranse;T444;74bf5d2c-7dbd-50a2-b836-bfe2a331d6cc
T93916-MON;1;2;1;FR;FR;1;11/09/1998;;T93916;BOITE;TRF;174;Dranse;T445;6e8dbf8c-3b60-5f26-901f-0e0e17cdbf96
T93917-MON;1;2;1;FR;FR;1;11/09/1998;;T93917;BOITE;TRF;214;Dranse;T446;1b27bd1e-87eb-5e82-aa1d-c5ce767377f6
T93918-MON;1;2;1;FR;FR;1;11/09/1998;;T93918;BOITE;TRF;198;Dranse;T447;c01faebc-c85f-56b2-8809-7965318dc2b3
T93919-MON;1;2;1;FR;FR;1;11/09/1998;;T93919;BOITE;TRF;157;Dranse;T448;c389bd38-f529-5027-b409-df2399820f84
T93920-MON;1;2;1;FR;FR;1;11/09/1998;;T93920;BOITE;TRF;147;Dranse;T449;465ecd93-4aa9-522c-84e1-285d92e03dcc
T93921-MON;1;2;1;FR;FR;1;11/09/1998;;T93921;BOITE;TRF;106;Dranse;T450;8cb4973f-146a-56dc-97f9-c47f141566e3
T93922-MON;1;2;1;FR;FR;1;11/09/1998;;T93922;BOITE;TRF;114;Dranse;T451;03dad44b-56c9-5d79-9a56-df535bd64a3b
T93923-MON;1;2;1;FR;FR;1;11/09/1998;;T93923;BOITE;TRF;95;Dranse;T452;20c80ae4-fb92-5a85-acef-854ee06faf70
T93939-MON;1;2;1;FR;FR;1;10/09/1998;;T93939;BOITE;TRF;148;Dranse;T109;8c2c6f2b-7e93-5fc7-a52b-440307c2bca8
T93940-MON;1;2;1;FR;FR;1;10/09/1998;;T93940;BOITE;TRF;221;Dranse;T110;e010526c-9953-5d16-91da-96d8a7e389d9
T93941-MON;1;2;1;FR;FR;1;10/09/1998;;T93941;BOITE;TRF;138;Dranse;T111;2e0452e0-9493-57de-b051-4a0a7cae076c
T93942-MON;1;2;1;FR;FR;1;10/09/1998;;T93942;BOITE;TRF;238;Dranse;T112;6c3946a9-a694-50fe-bdb6-786f2015e749
T93943-MON;1;2;1;FR;FR;1;10/09/1998;;T93943;BOITE;TRF;290;Dranse;T113;0eade7ab-06f5-53c6-9292-bc0018caf863
T93944-MON;1;2;1;FR;FR;1;10/09/1998;;T93944;BOITE;TRF;275;Dranse;T114;a6454603-8dc8-5401-b378-c5b1c0c8fa99
T93945-MON;1;2;1;FR;FR;1;10/09/1998;;T93945;BOITE;TRF;180;Dranse;T115;7c690c7a-2e42-55a8-920a-c52161a064a2
T93946-MON;1;2;1;FR;FR;1;10/09/1998;;T93946;BOITE;TRF;305;Dranse;T116;a79a2677-e548-5d52-bb16-acf9b582b0a4
T93947-MON;1;2;1;FR;FR;1;10/09/1998;;T93947;BOITE;TRF;242;Dranse;T117;17845460-81ef-5113-a7ef-4db660b07637
T93948-MON;1;2;1;FR;FR;1;10/09/1998;;T93948;BOITE;TRF;251;Dranse;T118;d47f3ac0-4652-5d71-90ff-7004082efa2d
T93949-MON;1;2;1;FR;FR;1;10/09/1998;;T93949;BOITE;TRF;232;Dranse;T119;6437c59b-111a-530c-9472-909941a7a2eb
T93950-MON;1;2;1;FR;FR;1;10/09/1998;;T93950;BOITE;TRF;187;Dranse;T120;54d930a4-56c9-5fee-a327-47c47d090b9b
T93951-MON;1;2;1;FR;FR;1;10/09/1998;;T93951;BOITE;TRF;156;Dranse;T121;9e567bf1-171f-5912-aba8-83c6f3df8d27
T93952-MON;1;2;1;FR;FR;1;10/09/1998;;T93952;BOITE;TRF;174;Dranse;T122;925a48a9-aa6b-546f-85b8-c20ec3576948
T93953-MON;1;2;1;FR;FR;1;10/09/1998;;T93953;BOITE;TRF;108;Dranse;T123;31035cf2-c7a3-564a-acc3-f9448d54f35a
T93954-MON;1;2;1;FR;FR;1;10/09/1998;;T93954;BOITE;TRF;161;Dranse;T124;92bf5989-f975-5df9-8421-787d2a70be97
T93955-MON;1;2;1;FR;FR;1;11/09/1998;;T93955;BOITE;TRF;280;Dranse;T461;46dd0ed1-0c35-59ee-aa2d-1d344bc4d903
T93956-MON;1;2;1;FR;FR;1;11/09/1998;;T93956;BOITE;TRF;300;Dranse;T462;a0334be4-4f07-5a3d-9d6a-3ae3f57725ef
T93957-MON;1;2;1;FR;FR;1;15/09/1998;;T93957;BOITE;TRF;242;Dranse;T463;4a76752f-17df-5a24-be03-de88faf18e57
T93958-MON;1;2;1;FR;FR;1;15/09/1998;;T93958;BOITE;TRF;255;Dranse;T464;20044490-549d-5abe-a606-1957c6c818eb
T93959-MON;1;2;1;FR;FR;1;15/09/1998;;T93959;BOITE;TRF;220;Dranse;T465;1500b004-ba16-590b-a26d-979a7e0fcaf2
T93960-MON;1;2;1;FR;FR;1;15/09/1998;;T93960;BOITE;TRF;248;Dranse;T466;0809727a-db46-5198-b683-dd8c57dd0721
T93961-MON;1;2;1;FR;FR;1;15/09/1998;;T93961;BOITE;TRF;213;Dranse;T467;57c28787-6f83-5610-a7c7-930b143b09b6
T93962-MON;1;2;1;FR;FR;1;15/09/1998;;T93962;BOITE;TRF;221;Dranse;T468;8c1d7be7-f027-5d3c-b43c-89a85b1621c9
T93963-MON;1;2;1;FR;FR;1;15/09/1998;;T93963;BOITE;TRF;201;Dranse;T469;f185b0dc-1e52-599c-957c-78df56b07aea
T93964-MON;1;2;1;FR;FR;1;15/09/1998;;T93964;BOITE;TRF;201;Dranse;T470;8d1ea44c-efd0-5651-92d6-b70c7376ff2c
T93965-MON;1;2;1;FR;FR;1;15/09/1998;;T93965;BOITE;TRF;182;Dranse;T471;464dc20d-46e7-5320-8689-19902b6dec72
T93966-MON;1;2;1;FR;FR;1;15/09/1998;;T93966;BOITE;TRF;185;Dranse;T472;30c5f0c8-9d4d-5980-8416-662c8336b8ec
T93967-MON;1;2;1;FR;FR;1;15/09/1998;;T93967;BOITE;TRF;127;Dranse;T473;7a8e1687-30f5-5bc2-b68c-cf5cb07254bd
T93968-MON;1;2;1;FR;FR;1;15/09/1998;;T93968;BOITE;TRF;175;Dranse;T474;a5d1ed8c-a7d7-53fb-ba4d-04bd25c3a93f
T93969-MON;1;2;1;FR;FR;1;15/09/1998;;T93969;BOITE;TRF;278;Dranse;T475;1edf47de-b970-5b62-a918-67f2e683900d
T93970-MON;1;2;1;FR;FR;1;15/09/1998;;T93970;BOITE;TRF;289;Dranse;T476;e4731a8b-bd35-563b-89d6-e65b4520d644
T93971-MON;1;2;1;FR;FR;1;15/09/1998;;T93971;BOITE;TRF;270;Dranse;T477;6133c5f7-74e5-542a-87b8-a1224e58c32e
T93972-MON;1;2;1;FR;FR;1;15/09/1998;;T93972;BOITE;TRF;205;Dranse;T478;a0e3bc55-146d-5066-baba-27c1a9b0c733
T93973-MON;1;2;1;FR;FR;1;15/09/1998;;T93973;BOITE;TRF;202;Dranse;T479;64f7750a-8373-59e0-950d-0ea2edd830a5
T93974-MON;1;2;1;FR;FR;1;15/09/1998;;T93974;BOITE;TRF;165;Dranse;T480;42481348-6494-5d88-864e-e74d5793ad60
T93975-MON;1;2;1;FR;FR;1;15/09/1998;;T93975;BOITE;TRF;212;Dranse;T481;a30a1ab1-0e4d-5f9a-9459-303282fc8f0f
T93976-MON;1;2;1;FR;FR;1;15/09/1998;;T93976;BOITE;TRF;203;Dranse;T482;7c369933-7cb8-5323-884b-94ad3c819b85
T93977-MON;1;2;1;FR;FR;1;15/09/1998;;T93977;BOITE;TRF;125;Dranse;T483;9883719d-7193-524f-865b-9e37e5124492
T94060-MON;1;2;1;FR;FR;1;10/09/1998;;T94060;BOITE;TRF;253;Dranse;T166;cdf0378d-73b3-58af-a6d4-d7ad49b58b1b
T94061-MON;1;2;1;FR;FR;1;10/09/1998;;T94061;BOITE;TRF;145;Dranse;T167;5b9983e3-53b2-53f5-91f6-f85b9d11aa98
T94062-MON;1;2;1;FR;FR;1;10/09/1998;;T94062;BOITE;TRF;169;Dranse;T168;1c284506-8faf-575d-a529-f3ef8456ea9f
T94063-MON;1;2;1;FR;FR;1;10/09/1998;;T94063;BOITE;TRF;132;Dranse;T169;be74c1c8-c650-526b-b405-7bcda88948af
T94064-MON;1;2;1;FR;FR;1;10/09/1998;;T94064;BOITE;TRF;131;Dranse;T170;d92cfef0-5f88-50fa-8a33-bc445d0d7b98
T94065-MON;1;2;1;FR;FR;1;10/09/1998;;T94065;BOITE;TRF;139;Dranse;T171;678b6fbb-7adc-587f-aea2-4adb8c4351c9
T94066-MON;1;2;1;FR;FR;1;10/09/1998;;T94066;BOITE;TRF;135;Dranse;T172;f83acb2b-70d2-5696-a552-6a1496219dcb
T94067-MON;1;2;1;FR;FR;1;10/09/1998;;T94067;BOITE;TRF;159;Dranse;T173;f4416bab-917f-5f61-ad07-71739c3321f8
T94068-MON;1;2;1;FR;FR;1;10/09/1998;;T94068;BOITE;TRF;125;Dranse;T174;26f72bde-5a22-5e3c-a63d-6177da456ea6
T94069-MON;1;2;1;FR;FR;1;10/09/1998;;T94069;BOITE;TRF;123;Dranse;T175;94229b30-9954-5a45-8187-deeacfe5ed71
T94070-MON;1;2;1;FR;FR;1;10/09/1998;;T94070;BOITE;TRF;137;Dranse;T176;f5b9205e-6f09-52dc-83f0-7e340cf49f3f
T94071-MON;1;2;1;FR;FR;1;10/09/1998;;T94071;BOITE;TRF;105;Dranse;T177;73b91c35-8167-557c-9109-f43f258d8ed9
T94072-MON;1;2;1;FR;FR;1;10/09/1998;;T94072;BOITE;TRF;116;Dranse;T178;e85ba4d5-6802-5d31-bcd0-c33bdea331e2
T94074-MON;1;2;1;FR;FR;1;10/09/1998;;T94074;BOITE;TRF;377;Dranse;T188;e93ec38c-c83b-5d22-bc2f-80543d772b20
T94075-MON;1;2;1;FR;FR;1;10/09/1998;;T94075;BOITE;TRF;270;Dranse;T189;60152c98-e207-5519-861b-5cd4d1e17fcd
T94076-MON;1;2;1;FR;FR;1;10/09/1998;;T94076;BOITE;TRF;256;Dranse;T190;65023380-ec8e-54fa-8eff-a7a09c7b1470
T94077-MON;1;2;1;FR;FR;1;10/09/1998;;T94077;BOITE;TRF;241;Dranse;T191;57239f79-d9d2-5b08-9fee-e0f386f8d350
T94078-MON;1;2;1;FR;FR;1;10/09/1998;;T94078;BOITE;TRF;168;Dranse;T192;463031d3-d0a8-5fa4-9278-5deb9d5e18ee
T94079-MON;1;2;1;FR;FR;1;10/09/1998;;T94079;BOITE;TRF;205;Dranse;T193;3c476a76-b500-5ed8-8bab-ae90e99db816
T94080-MON;1;2;1;FR;FR;1;10/09/1998;;T94080;BOITE;TRF;172;Dranse;T194;f4a2b885-e097-55a9-8250-70236f931e5d
T94081-MON;1;2;1;FR;FR;1;10/09/1998;;T94081;BOITE;TRF;213;Dranse;T195;16001428-5303-5ff3-9623-52a67171829b
T94082-MON;1;2;1;FR;FR;1;10/09/1998;;T94082;BOITE;TRF;260;Dranse;T196;bf19c370-8035-521d-96d3-d27c49e83c27
T94083-MON;1;2;1;FR;FR;1;10/09/1998;;T94083;BOITE;TRF;193;Dranse;T197;481833d1-4c67-52d9-9ab3-b51bdc23ce06
T94084-MON;1;2;1;FR;FR;1;10/09/1998;;T94084;BOITE;TRF;135;Dranse;T125;e46ef3a5-eba5-58f0-9534-8c980065bdb0
T94085-MON;1;2;1;FR;FR;1;10/09/1998;;T94085;BOITE;TRF;132;Dranse;T126;e0996384-a712-58ac-998d-3cf22ff0bfd7
T94086-MON;1;2;1;FR;FR;1;10/09/1998;;T94086;BOITE;TRF;110;Dranse;T127;2a1a5193-254c-5e82-a3f8-d9fb04cc9ba7
T94087-MON;1;2;1;FR;FR;1;10/09/1998;;T94087;BOITE;TRF;112;Dranse;T128;a1503284-36ad-5ac7-bc19-be96a320f9e3
T94088-MON;1;2;1;FR;FR;1;10/09/1998;;T94088;BOITE;TRF;116;Dranse;T129;0d15ce11-9a8a-5e19-b549-09701d148dfc
T94089-MON;1;2;1;FR;FR;1;10/09/1998;;T94089;BOITE;TRF;85;Dranse;T130;2b0c13aa-4df4-5b59-a8a4-b65ef58d2774
T94090-MON;1;2;1;FR;FR;1;10/09/1998;;T94090;BOITE;TRF;178;Dranse;T150;3a71c1cb-e8d2-516c-bfef-47cc37aad0fb
T94091-MON;1;2;1;FR;FR;1;10/09/1998;;T94091;BOITE;TRF;248;Dranse;T151;d6e38add-10e7-5180-bc5b-c7cd365e3b48
T94092-MON;1;2;1;FR;FR;1;10/09/1998;;T94092;BOITE;TRF;226;Dranse;T152;57ef213a-0963-5ffd-aa05-cf5de44b38a2
T94093-MON;1;2;1;FR;FR;1;10/09/1998;;T94093;BOITE;TRF;202;Dranse;T153;7914f75d-ba59-5bba-868e-87d6d022d636
T94094-MON;1;2;1;FR;FR;1;10/09/1998;;T94094;BOITE;TRF;176;Dranse;T154;111bf03d-dd53-51b7-a62b-4cc8e465b7be
T94095-MON;1;2;1;FR;FR;1;10/09/1998;;T94095;BOITE;TRF;220;Dranse;T155;c76b781a-d604-5c9d-959e-6fc41d42fed6
T94096-MON;1;2;1;FR;FR;1;10/09/1998;;T94096;BOITE;TRF;176;Dranse;T156;197017b5-bef7-5dd5-96ce-9c7963cba51a
T94097-MON;1;2;1;FR;FR;1;10/09/1998;;T94097;BOITE;TRF;175;Dranse;T157;76820a9c-e41e-59f1-8b85-b0b5f43bcc41
T94098-MON;1;2;1;FR;FR;1;10/09/1998;;T94098;BOITE;TRF;180;Dranse;T158;d92acca6-cb17-5689-b5a0-66b3778c4627
T94099-MON;1;2;1;FR;FR;1;10/09/1998;;T94099;BOITE;TRF;162;Dranse;T159;66561d5f-8dc9-54a5-94e9-8fe58b24da2b
T94100-MON;1;2;1;FR;FR;1;10/09/1998;;T94100;BOITE;TRF;183;Dranse;T160;8419fd65-1e6e-5204-9fd2-424a20dd7277
T94101-MON;1;2;1;FR;FR;1;10/09/1998;;T94101;BOITE;TRF;165;Dranse;T161;56f7afa0-eae5-5032-8edb-b8ae4bb54d80
T94102-MON;1;2;1;FR;FR;1;10/09/1998;;T94102;BOITE;TRF;153;Dranse;T162;0a798425-c90c-5127-a639-4e1eec8fb7c8
T94103-MON;1;2;1;FR;FR;1;10/09/1998;;T94103;BOITE;TRF;188;Dranse;T163;734b43f3-b0e2-5f47-b93a-d334e244d7af
T94104-MON;1;2;1;FR;FR;1;10/09/1998;;T94104;BOITE;TRF;135;Dranse;T164;a03c0695-c3eb-541b-962a-289de3e8915e
T94105-MON;1;2;1;FR;FR;1;10/09/1998;;T94105;BOITE;TRF;167;Dranse;T165;6ea62dc5-e061-5b15-af44-a5ddecd05f69
T94516-MON;1;2;1;FR;FR;1;06/09/1999;;T94516;BOITE;TRF;304;Dranse;IL211;d96a40af-8261-5b54-889d-fcdf88f2a665
T94517-MON;1;2;1;FR;FR;1;06/09/1999;;T94517;BOITE;TRF;236;Dranse;IL212;1e41a78d-70a3-5443-a951-571c2d2ad336
T94518-MON;1;2;1;FR;FR;1;06/09/1999;;T94518;BOITE;TRF;187;Dranse;IL213;a67eca32-683d-5bff-ae2d-8bd614e9372f
T94519-MON;1;2;1;FR;FR;1;06/09/1999;;T94519;BOITE;TRF;160;Dranse;IL214;07d8804b-0245-55d3-86e7-fb0ebe119e2b
T94520-MON;1;2;1;FR;FR;1;06/09/1999;;T94520;BOITE;TRF;184;Dranse;IL215;8b324f2a-8c15-5a0a-9dc2-b321961207e2
T94521-MON;1;2;1;FR;FR;1;06/09/1999;;T94521;BOITE;TRF;169;Dranse;IL216;2acf4fe8-d7e7-52d4-ba41-dc7544aa5855
T94522-MON;1;2;1;FR;FR;1;06/09/1999;;T94522;BOITE;TRF;171;Dranse;IL217;7ccdcf5c-77d6-5d7e-b5da-cd2ffb87af6c
T94523-MON;1;2;1;FR;FR;1;06/09/1999;;T94523;BOITE;TRF;185;Dranse;IL218;0875e5cd-422d-57bc-a05b-f9b015629afb
T94524-MON;1;2;1;FR;FR;1;06/09/1999;;T94524;BOITE;TRF;153;Dranse;IL219;3f87983b-3ebb-5f0b-901b-c4a5f920a4e4
T94525-MON;1;2;1;FR;FR;1;06/09/1999;;T94525;BOITE;TRF;166;Dranse;IL220;3e4353fb-a49c-5525-8f0c-d76b27cdf15d
T94526-MON;1;2;1;FR;FR;1;06/09/1999;;T94526;BOITE;TRF;196;Dranse;IL221;9dde6530-c8a9-58bd-8db7-4aba9392dfce
T94527-MON;1;2;1;FR;FR;1;06/09/1999;;T94527;BOITE;TRF;242;Dranse;IL222;463d2fcc-5a21-5094-98f1-11a28502afbb
T94528-MON;1;2;1;FR;FR;1;06/09/1999;;T94528;BOITE;TRF;195;Dranse;IL223;a2af0737-e52b-501f-ac54-5a3045c0d1b8
T94529-MON;1;2;1;FR;FR;1;06/09/1999;;T94529;BOITE;TRF;226;Dranse;IL205;d6dff48a-6e0a-5679-b8ec-45c8f03037d2
T94530-MON;1;2;1;FR;FR;1;06/09/1999;;T94530;BOITE;TRF;251;Dranse;IL206;852ced0e-0cb0-5700-9e2f-3fd36e254276
T94531-MON;1;2;1;FR;FR;1;06/09/1999;;T94531;BOITE;TRF;232;Dranse;IL207;b63b2b58-769b-5fbd-b6ca-ec5c7a774acb
T94532-MON;1;2;1;FR;FR;1;06/09/1999;;T94532;BOITE;TRF;162;Dranse;IL208;0a8ba903-475b-59f3-86f4-c5dc81a31e9e
T94533-MON;1;2;1;FR;FR;1;06/09/1999;;T94533;BOITE;TRF;146;Dranse;IL209;12cebeca-2d86-552c-a8cb-e952c3fd9421
T94534-MON;1;2;1;FR;FR;1;06/09/1999;;T94534;BOITE;TRF;253;Dranse;IL204;31274416-9401-5127-b1eb-d3f6dee83ff7
T94535-MON;1;2;1;FR;FR;1;06/09/1999;;T94535;BOITE;TRF;242;Dranse;IL104;ec6b0f2a-b790-5e5b-b90d-af63ece217ef
T94536-MON;1;2;1;FR;FR;1;06/09/1999;;T94536;BOITE;TRF;304;Dranse;IL101;1103f48a-08b6-5297-bf50-56f97c07bf23
T94537-MON;1;2;1;FR;FR;1;06/09/1999;;T94537;BOITE;TRF;165;Dranse;IL102;9f107560-abca-514e-a538-63cfd0b2b8b8
T94538-MON;1;2;1;FR;FR;1;06/09/1999;;T94538;BOITE;TRF;284;Dranse;IL194;bcd73d4e-ce87-5b1b-975e-129f451757bd
T94539-MON;1;2;1;FR;FR;1;09/09/1999;;T94539;BOITE;TRF;212;Dranse;IL812;086728e4-d79c-5f96-a93c-a5b1ca611490
T94540-MON;1;2;1;FR;FR;1;09/09/1999;;T94540;BOITE;TRF;202;Dranse;IL813;f28ff74f-92d4-5100-bf06-da9323c14ec2
T94541-MON;1;2;1;FR;FR;1;09/09/1999;;T94541;BOITE;TRF;214;Dranse;IL814;36909686-99b1-5d8f-81d0-d37a238386a2
T94542-MON;1;2;1;FR;FR;1;09/09/1999;;T94542;BOITE;TRF;200;Dranse;IL815;3e4d1402-54c6-5242-98d8-8aac6b71f123
T94543-MON;1;2;1;FR;FR;1;09/09/1999;;T94543;BOITE;TRF;207;Dranse;IL816;3a006007-bfa6-559d-b655-606b4ca4bf22
T94544-MON;1;2;1;FR;FR;1;09/09/1999;;T94544;BOITE;TRF;160;Dranse;IL817;8aaecd25-db3b-58c7-9d40-1869c54cecbe
T94545-MON;1;2;1;FR;FR;1;09/09/1999;;T94545;BOITE;TRF;157;Dranse;IL818;20faac5d-f286-5ba2-b7d9-9321fc7968e8
T94546-MON;1;2;1;FR;FR;1;09/09/1999;;T94546;BOITE;TRF;178;Dranse;IL819;daf0c0d6-5ac1-574c-9326-1138f0c4cc6d
T94547-MON;1;2;1;FR;FR;1;09/09/1999;;T94547;BOITE;TRF;136;Dranse;IL820;4f55cb57-b3f4-56c4-aa96-a02303d30019
T94548-MON;1;2;1;FR;FR;1;09/09/1999;;T94548;BOITE;TRF;140;Dranse;IL821;6246caa6-7506-509b-8b43-93e6f41a25ef
T94549-MON;1;2;1;FR;FR;1;09/09/1999;;T94549;BOITE;TRF;186;Dranse;IL822;6f68ae5a-bcfa-5ce0-8c5b-f218b99eee5b
T94550-MON;1;2;1;FR;FR;1;09/09/1999;;T94550;BOITE;TRF;141;Dranse;IL823;9c96791e-a4b7-5e85-a061-28ff864ea3f2
T94551-MON;1;2;1;FR;FR;1;06/09/1999;;T94551;BOITE;TRF;292;Dranse;IL247;3214f7dc-d0e1-5195-aa35-48138a1a586f
T94552-MON;1;2;1;FR;FR;1;06/09/1999;;T94552;BOITE;TRF;223;Dranse;IL248;8af2da67-ac4a-5208-8e56-d900e93d1ef9
T94553-MON;1;2;1;FR;FR;1;06/09/1999;;T94553;BOITE;TRF;275;Dranse;IL249;cfa8e21d-eb3c-5ac5-8951-faf281eedcb5
T94554-MON;1;2;1;FR;FR;1;06/09/1999;;T94554;BOITE;TRF;316;Dranse;IL250;0e2ace1e-3b67-5848-8a09-241996dc299e
T94555-MON;1;2;1;FR;FR;1;06/09/1999;;T94555;BOITE;TRF;342;Dranse;IL251;a6c2377f-25ec-50fc-9512-447d29ab7494
T94556-MON;1;2;1;FR;FR;1;06/09/1999;;T94556;BOITE;TRF;257;Dranse;IL252;e3a4fbe6-c96a-5279-bf6c-716c85f4c681
T94557-MON;1;2;1;FR;FR;1;06/09/1999;;T94557;BOITE;TRF;225;Dranse;IL253;5dc1a37d-d8a1-57c1-9e2e-bed0382bf71d
T94558-MON;1;2;1;FR;FR;1;06/09/1999;;T94558;BOITE;TRF;184;Dranse;IL254;7091dd67-ec5f-593d-a2de-faee53e2daba
T94559-MON;1;2;1;FR;FR;1;06/09/1999;;T94559;BOITE;TRF;205;Dranse;IL255;a12750b4-c1a4-5e3d-8531-544da69e4633
T94560-MON;1;2;1;FR;FR;1;06/09/1999;;T94560;BOITE;TRF;211;Dranse;IL256;41b5163b-92f3-5343-8a54-a8c025ca5638
T94561-MON;1;2;1;FR;FR;1;06/09/1999;;T94561;BOITE;TRF;184;Dranse;IL257;7632cb27-65eb-5c12-8140-2da027cee6bb
T94562-MON;1;2;1;FR;FR;1;06/09/1999;;T94562;BOITE;TRF;185;Dranse;IL258;92dd3e83-691f-5d62-9e28-d7d1e7aaf5cd
T94563-MON;1;2;1;FR;FR;1;06/09/1999;;T94563;BOITE;TRF;175;Dranse;IL259;68998d85-0abf-563c-a81b-e55ce3c2cdd7
T94564-MON;1;2;1;FR;FR;1;06/09/1999;;T94564;BOITE;TRF;120;Dranse;IL260;8f363166-c5ab-547c-a328-d1c066051be6
T94565-MON;1;2;1;FR;FR;1;06/09/1999;;T94565;BOITE;TRF;164;Dranse;IL261;0733c87b-8cca-50bf-aab1-7e0fca603b43
T94566-MON;1;2;1;FR;FR;1;06/09/1999;;T94566;BOITE;TRF;108;Dranse;IL262;626636a1-c60b-5e3d-8d89-7969af917c81
T94567-MON;1;2;1;FR;FR;1;06/09/1999;;T94567;BOITE;TRF;95;Dranse;IL263;295c11cc-7c43-5de6-aaca-6ae34158f009
T94568-MON;1;2;1;FR;FR;1;06/09/1999;;T94568;BOITE;TRF;238;Dranse;IL264;11bb6c87-24bf-5318-a4ac-d19c487bcd3e
T94569-MON;1;2;1;FR;FR;1;06/09/1999;;T94569;BOITE;TRF;208;Dranse;IL269;86b9a77b-cd3a-5adb-8012-9dc60969472a
T94570-MON;1;2;1;FR;FR;1;06/09/1999;;T94570;BOITE;TRF;144;Dranse;IL272;5f7cf9eb-719e-5551-b9d5-b81b6117286c
T94571-MON;1;2;1;FR;FR;1;06/09/1999;;T94571;BOITE;TRF;152;Dranse;IL273;476035dd-ccb1-5153-8eee-9072e0355ee2
T94572-MON;1;2;1;FR;FR;1;06/09/1999;;T94572;BOITE;TRF;118;Dranse;IL274;bba2336a-5bda-5fed-8751-6252d0623e7f
T94573-MON;1;2;1;FR;FR;1;06/09/1999;;T94573;BOITE;TRF;145;Dranse;IL276;a30e9e7d-18c8-5ef4-9f4b-7c819fbad4e8
T94574-MON;1;2;1;FR;FR;1;06/09/1999;;T94574;BOITE;TRF;304;Dranse;IL195;5df46c6d-3ba4-5f0c-bf87-cd04a108c68b
T94575-MON;1;2;1;FR;FR;1;06/09/1999;;T94575;BOITE;TRF;236;Dranse;IL196;db47648b-39fe-502f-8a0c-d60f416dedab
T94576-MON;1;2;1;FR;FR;1;06/09/1999;;T94576;BOITE;TRF;238;Dranse;IL197;7e3967ec-c3e0-5617-9bc9-aff7e9c98190
T94577-MON;1;2;1;FR;FR;1;06/09/1999;;T94577;BOITE;TRF;256;Dranse;IL198;e3f85e05-8038-55a9-bf9c-3f45bf4486b5
T94578-MON;1;2;1;FR;FR;1;06/09/1999;;T94578;BOITE;TRF;251;Dranse;IL199;9d2bb1eb-dbae-5928-b959-e219e03bc08b
T94579-MON;1;2;1;FR;FR;1;06/09/1999;;T94579;BOITE;TRF;212;Dranse;IL200;d0837bb1-d47b-5ade-b95f-7d9868951b1d
T94580-MON;1;2;1;FR;FR;1;06/09/1999;;T94580;BOITE;TRF;196;Dranse;IL201;0e9a6f4e-fab1-5770-ba29-8847c4893aef
T94581-MON;1;2;1;FR;FR;1;06/09/1999;;T94581;BOITE;TRF;126;Dranse;IL202;7b74265a-2447-501c-a4e9-a86121ed961f
T94582-MON;1;2;1;FR;FR;1;06/09/1999;;T94582;BOITE;TRF;320;Dranse;IL203;2eff74ce-bc2a-5cb9-9e61-6e6f6b63a11e
T94583-MON;1;2;1;FR;FR;1;06/09/1999;;T94583;BOITE;TRF;263;Dranse;IL265;aec92b4a-1436-50f3-91ca-a6663d70f35a
T94584-MON;1;2;1;FR;FR;1;06/09/1999;;T94584;BOITE;TRF;182;Dranse;IL266;74f12049-ecb0-512e-be8e-4e16aff9915c
T94585-MON;1;2;1;FR;FR;1;06/09/1999;;T94585;BOITE;TRF;184;Dranse;IL267;7aeb2f74-968c-5bbc-bc8e-a1849f283d3c
T94586-MON;1;2;1;FR;FR;1;06/09/1999;;T94586;BOITE;TRF;215;Dranse;IL268;9538b156-5e24-55a2-a04c-88ebe8783b4f
T94587-MON;1;2;1;FR;FR;1;06/09/1999;;T94587;BOITE;TRF;136;Dranse;IL270;063a4b20-e285-5951-85b3-9cbc6e99d4ad
T94588-MON;1;2;1;FR;FR;1;06/09/1999;;T94588;BOITE;TRF;110;Dranse;IL271;eba9a84c-9967-5c0f-b872-65083508733d
T94589-MON;1;2;1;FR;FR;1;06/09/1999;;T94589;BOITE;TRF;166;Dranse;IL275;3f574445-bcaa-5116-ba59-f563c4378d15
T94590-MON;1;2;1;FR;FR;1;06/09/1999;;T94590;BOITE;TRF;161;Dranse;IL279;49236c44-cae8-5ff7-937c-91765e42705e
T94591-MON;1;2;1;FR;FR;1;06/09/1999;;T94591;BOITE;TRF;136;Dranse;IL280;09734651-e9c7-5666-a90e-c5e86dc91c2e
T94592-MON;1;2;1;FR;FR;1;06/09/1999;;T94592;BOITE;TRF;143;Dranse;IL281;62ed1f06-fbc9-502f-917f-5d10af7126d3
T94593-MON;1;2;1;FR;FR;1;06/09/1999;;T94593;BOITE;TRF;137;Dranse;IL282;055baf76-231c-5c91-ad1b-bdc2c1e1cb24
T94594-MON;1;2;1;FR;FR;1;06/09/1999;;T94594;BOITE;TRF;130;Dranse;IL285;6d967754-8b8a-5075-a655-1b393e27df2d
T94595-MON;1;2;1;FR;FR;1;06/09/1999;;T94595;BOITE;TRF;108;Dranse;IL287;cda182ba-d524-586c-b5e1-67474fc4930d
T94596-MON;1;2;1;FR;FR;1;06/09/1999;;T94596;BOITE;TRF;121;Dranse;IL288;9aa6c468-cb41-58c2-a3f0-2cfde7cf8282
T94597-MON;1;2;1;FR;FR;1;06/09/1999;;T94597;BOITE;TRF;114;Dranse;IL290;cca990b4-e0a7-568c-a790-b065cf7569d7
T94598-MON;1;2;1;FR;FR;1;06/09/1999;;T94598;BOITE;TRF;215;Dranse;IL105;f7fee8bc-a853-546c-947c-40776a50d391
T94599-MON;1;2;1;FR;FR;1;06/09/1999;;T94599;BOITE;TRF;209;Dranse;IL106;103ace1c-8c37-5352-a2d2-4fd25f6160b3
T94600-MON;1;2;1;FR;FR;1;06/09/1999;;T94600;BOITE;TRF;168;Dranse;IL108;7340a348-cc28-558d-8ddc-7fbeac5a16e3
T94601-MON;1;2;1;FR;FR;1;06/09/1999;;T94601;BOITE;TRF;226;Dranse;IL109;39eb64c2-ed4b-584c-bc70-3ea4bbb9f48f
T94602-MON;1;2;1;FR;FR;1;06/09/1999;;T94602;BOITE;TRF;251;Dranse;IL110;836c5e44-1dc0-5d36-97ad-3c0ede8cd5f4
T94603-MON;1;2;1;FR;FR;1;06/09/1999;;T94603;BOITE;TRF;288;Dranse;IL111;9e38309e-73d9-50c9-ab31-2abec6314562
T94604-MON;1;2;1;FR;FR;1;06/09/1999;;T94604;BOITE;TRF;176;Dranse;IL112;bedc77e3-2a3b-5f19-b428-436874f6836c
T94605-MON;1;2;1;FR;FR;1;06/09/1999;;T94605;BOITE;TRF;167;Dranse;IL113;fa9b70bf-ced2-5bb4-a997-d336450d913e
T94606-MON;1;2;1;FR;FR;1;06/09/1999;;T94606;BOITE;TRF;118;Dranse;IL114;277f58d1-e159-52fb-91e4-36ac3eef7277
T94607-MON;1;2;1;FR;FR;1;06/09/1999;;T94607;BOITE;TRF;205;Dranse;IL115;8b2fd1c6-af08-5e4b-8c09-db85fc2465a5
T94608-MON;1;2;1;FR;FR;1;06/09/1999;;T94608;BOITE;TRF;276;Dranse;IL116;95e7b670-3d19-596c-a2b3-463fd9d51d96
T94609-MON;1;2;1;FR;FR;1;06/09/1999;;T94609;BOITE;TRF;221;Dranse;IL117;f5732542-7e0b-54ce-8464-8bffc62059c4
T94610-MON;1;2;1;FR;FR;1;06/09/1999;;T94610;BOITE;TRF;240;Dranse;IL118;268898b9-5128-5c37-9c7b-6a9e4888b9a8
T94611-MON;1;2;1;FR;FR;1;06/09/1999;;T94611;BOITE;TRF;203;Dranse;IL119;68af6a95-6d20-5bc3-84dc-4754d97aa41c
T94612-MON;1;2;1;FR;FR;1;06/09/1999;;T94612;BOITE;TRF;196;Dranse;IL120;38698ebc-4c4f-5274-af05-29942230510e
T94613-MON;1;2;1;FR;FR;1;06/09/1999;;T94613;BOITE;TRF;211;Dranse;IL121;60822e9f-deb1-5988-9b0c-8ed967076d05
T94614-MON;1;2;1;FR;FR;1;06/09/1999;;T94614;BOITE;TRF;148;Dranse;IL122;3ed4eda6-c8c7-5808-9862-3fdd5c0cdb0f
T94615-MON;1;2;1;FR;FR;1;06/09/1999;;T94615;BOITE;TRF;137;Dranse;IL123;5cd8c663-3a92-5c3a-ba68-a033b8ac5e79
T94616-MON;1;2;1;FR;FR;1;06/09/1999;;T94616;BOITE;TRF;112;Dranse;IL124;ee4eb973-246f-54d2-8ffd-fd41c70a1418
T94617-MON;1;2;1;FR;FR;1;06/09/1999;;T94617;BOITE;TRF;232;Dranse;IL125;b6c7ee7e-62c1-5e29-a01d-7a9bcbbe77e0
T94618-MON;1;2;1;FR;FR;1;06/09/1999;;T94618;BOITE;TRF;227;Dranse;IL126;7a7f1ed8-7211-5b80-8434-4b169d109b7b
T94619-MON;1;2;1;FR;FR;1;06/09/1999;;T94619;BOITE;TRF;174;Dranse;IL129;434a9a14-97ba-5e28-a530-953664f3eecf
T94620-MON;1;2;1;FR;FR;1;06/09/1999;;T94620;BOITE;TRF;194;Dranse;IL131;95cc4f85-8c48-5c44-abdf-a1b4c3b32c9f
T94621-MON;1;2;1;FR;FR;1;06/09/1999;;T94621;BOITE;TRF;220;Dranse;IL132;91cf8644-dbcf-503a-b740-ec21b0737e17
T94622-MON;1;2;1;FR;FR;1;06/09/1999;;T94622;BOITE;TRF;172;Dranse;IL133;c03a00e4-c7c4-5262-8908-7dd37948e737
T94623-MON;1;2;1;FR;FR;1;06/09/1999;;T94623;BOITE;TRF;134;Dranse;IL134;ddeffbb9-a7aa-5c77-9b56-d6738da038ab
T94624-MON;1;2;1;FR;FR;1;06/09/1999;;T94624;BOITE;TRF;136;Dranse;IL135;164a97d9-ed9d-50ed-8c51-96fd1d2aef47
T94625-MON;1;2;1;FR;FR;1;06/09/1999;;T94625;BOITE;TRF;137;Dranse;IL136;347d8251-efd6-5356-a3f9-dc60b224b3db
T94626-MON;1;2;1;FR;FR;1;06/09/1999;;T94626;BOITE;TRF;249;Dranse;IL137;38737c74-0554-532f-b572-bc793aaefab5
T94627-MON;1;2;1;FR;FR;1;06/09/1999;;T94627;BOITE;TRF;231;Dranse;IL127;aaac6d34-324f-5ab9-b787-2f72f17c1141
T94628-MON;1;2;1;FR;FR;1;06/09/1999;;T94628;BOITE;TRF;183;Dranse;IL128;1063d5ab-6e31-55c1-9d69-f6f305854849
T94629-MON;1;2;1;FR;FR;1;06/09/1999;;T94629;BOITE;TRF;273;Dranse;IL138;c83f7ab9-11f5-5df7-af56-93a6e343f862
T94630-MON;1;2;1;FR;FR;1;06/09/1999;;T94630;BOITE;TRF;206;Dranse;IL139;03d1e009-66cd-513e-bd85-62c0689551b0
T94631-MON;1;2;1;FR;FR;1;06/09/1999;;T94631;BOITE;TRF;147;Dranse;IL151;60a1ce42-a139-5d8b-99fe-4f407b140cfe
T94632-MON;1;2;1;FR;FR;1;06/09/1999;;T94632;BOITE;TRF;202;Dranse;IL152;69343f06-cbbd-5a93-93b6-66e8a59fe6f8
T94633-MON;1;2;1;FR;FR;1;06/09/1999;;T94633;BOITE;TRF;194;Dranse;IL153;2f79455c-6489-529c-b536-606694d0cdbb
T94634-MON;1;2;1;FR;FR;1;06/09/1999;;T94634;BOITE;TRF;122;Dranse;IL148;360e6f20-8469-51d1-a48c-f3eb0fa4d9c4
T94635-MON;1;2;1;FR;FR;1;06/09/1999;;T94635;BOITE;TRF;117;Dranse;IL149;4e74f89f-8363-58c6-a381-e1d687909f44
T94636-MON;1;2;1;FR;FR;1;06/09/1999;;T94636;BOITE;TRF;182;Dranse;IL141;f0407c3d-0c1e-5500-b19b-9cb38d53b6bf
T94637-MON;1;2;1;FR;FR;1;06/09/1999;;T94637;BOITE;TRF;177;Dranse;IL142;ec0856e8-a0b3-523b-abb2-b83ba91bf90a
T94638-MON;1;2;1;FR;FR;1;06/09/1999;;T94638;BOITE;TRF;162;Dranse;IL143;7a26e5a7-3aee-5dc0-99a0-61e076ab49c7
T94639-MON;1;2;1;FR;FR;1;06/09/1999;;T94639;BOITE;TRF;171;Dranse;IL144;446a1240-b338-54c3-9f7d-49ad6ed47806
T94640-MON;1;2;1;FR;FR;1;06/09/1999;;T94640;BOITE;TRF;148;Dranse;IL145;d8ae5e6f-54db-5fa5-9211-928ac58bdd84
T94641-MON;1;2;1;FR;FR;1;06/09/1999;;T94641;BOITE;TRF;141;Dranse;IL146;0f3ebb32-c18c-5cbe-a40a-9afd12d864b0
T94642-MON;1;2;1;FR;FR;1;06/09/1999;;T94642;BOITE;TRF;121;Dranse;IL150;284f19d2-9e0f-54fb-b377-afbe7147030c
T94643-MON;1;2;1;FR;FR;1;06/09/1999;;T94643;BOITE;TRF;161;Dranse;IL154;26555cc6-fc9d-5533-89e8-0442156f92a6
T94644-MON;1;2;1;FR;FR;1;06/09/1999;;T94644;BOITE;TRF;184;Dranse;IL130;76fa3929-f003-59b0-a444-9117f779e501
T94645-MON;1;2;1;FR;FR;1;07/09/1999;;T94645;BOITE;TRF;202;Dranse;IL425;05f0d1f7-fe68-5f7c-8ddd-33d20e67000e
T94646-MON;1;2;1;FR;FR;1;07/09/1999;;T94646;BOITE;TRF;171;Dranse;IL426;f9690c64-30f1-5fd2-9a42-3ac384a2fd7f
T94647-MON;1;2;1;FR;FR;1;07/09/1999;;T94647;BOITE;TRF;319;Dranse;IL427;498307a9-47f2-5d4a-a8fa-6fc1887cb9fa
T94648-MON;1;2;1;FR;FR;1;07/09/1999;;T94648;BOITE;TRF;275;Dranse;IL428;349a9eff-8f8c-5b36-aaf0-850db04396f6
T94649-MON;1;2;1;FR;FR;1;07/09/1999;;T94649;BOITE;TRF;249;Dranse;IL429;0e7d9ae5-a53b-5538-a1e3-35cdd07a326a
T94650-MON;1;2;1;FR;FR;1;07/09/1999;;T94650;BOITE;TRF;212;Dranse;IL431;0f2098f1-fa42-5a9f-9723-a46c8506e081
T94651-MON;1;2;1;FR;FR;1;07/09/1999;;T94651;BOITE;TRF;221;Dranse;IL432;c3131458-a85c-5015-87ca-11a74677e955
T94652-MON;1;2;1;FR;FR;1;07/09/1999;;T94652;BOITE;TRF;215;Dranse;IL433;d1c05457-dcd6-5218-a25c-f4b43afa68a4
T94653-MON;1;2;1;FR;FR;1;07/09/1999;;T94653;BOITE;TRF;171;Dranse;IL434;2975376f-7256-5d3e-b0a9-a4c0324a3615
T94654-MON;1;2;1;FR;FR;1;07/09/1999;;T94654;BOITE;TRF;160;Dranse;IL436;339a3048-ab46-5edd-b23a-74fc29ff8602
T94655-MON;1;2;1;FR;FR;1;07/09/1999;;T94655;BOITE;TRF;147;Dranse;IL437;b207b155-3745-5bc4-b056-5ca30bd6f9f1
T94656-MON;1;2;1;FR;FR;1;07/09/1999;;T94656;BOITE;TRF;161;Dranse;IL438;4f48da8a-944e-5717-b910-924e35d5cc81
T94657-MON;1;2;1;FR;FR;1;07/09/1999;;T94657;BOITE;TRF;192;Dranse;IL445;efe8ec80-31b5-54df-b440-dbcb496d9761
T94658-MON;1;2;1;FR;FR;1;09/09/1999;;T94658;BOITE;TRF;180;Dranse;IL754;7efc2f4a-5868-5516-b538-725b42501e9e
T94659-MON;1;2;1;FR;FR;1;09/09/1999;;T94659;BOITE;TRF;226;Dranse;IL755;b1ad638b-1272-5799-8b70-4245dab4db75
T94660-MON;1;2;1;FR;FR;1;09/09/1999;;T94660;BOITE;TRF;280;Dranse;IL756;c4a5441b-9b39-5d2f-aee9-0965d01be296
T94661-MON;1;2;1;FR;FR;1;09/09/1999;;T94661;BOITE;TRF;160;Dranse;IL757;d46b36b8-ebac-5d52-941d-404205c675bb
T94662-MON;1;2;1;FR;FR;1;09/09/1999;;T94662;BOITE;TRF;100;Dranse;IL758;608d5e76-efbc-5af8-8e40-61982a3850e8
T94663-MON;1;2;1;FR;FR;1;09/09/1999;;T94663;BOITE;TRF;202;Dranse;IL759;b65fcd9b-7bb8-50e3-90e1-108ad8bc1efe
T94664-MON;1;2;1;FR;FR;1;09/09/1999;;T94664;BOITE;TRF;151;Dranse;IL760;38b18210-8caf-577a-a9a7-81548b74a6a9
T94665-MON;1;2;1;FR;FR;1;09/09/1999;;T94665;BOITE;TRF;196;Dranse;IL761;b3051a97-3dfa-54f4-b274-a642bf4485e6
T94666-MON;1;2;1;FR;FR;1;09/09/1999;;;BOITE;TRF;154;Dranse;IL762;bc3a9e6b-25d5-5556-a6e6-834bdc2105f0
T94667-MON;1;2;1;FR;FR;1;09/09/1999;;;BOITE;TRF;186;Dranse;IL763;61024a0e-8a82-549e-abed-8976e1ea8617
T94668-MON;1;2;1;FR;FR;1;09/09/1999;;;BOITE;TRF;166;Dranse;IL764;5fa482ed-4e28-56c0-b2c1-260c304a903d
T94669-MON;1;2;1;FR;FR;1;09/09/1999;;;BOITE;TRF;172;Dranse;IL765;3c1fb1a7-1fec-5d49-96b1-6521aca6da78
T94670-MON;1;2;1;FR;FR;1;09/09/1999;;;BOITE;TRF;157;Dranse;IL766;6a5ad987-9f10-585d-96ec-c4fc59ec0111
T94671-MON;1;2;1;FR;FR;1;09/09/1999;;;BOITE;TRF;135;Dranse;IL767;bb58c788-3660-5383-a551-6605d31e782c
T94672-MON;1;2;1;FR;FR;1;09/09/1999;;;BOITE;TRF;135;Dranse;IL768;fb37f8e8-b171-5fdb-8fe0-6b85e09f7d86
T94673-MON;1;2;1;FR;FR;1;09/09/1999;;;BOITE;TRF;125;Dranse;IL769;d18592f2-b51b-52f3-b217-c7def355d579
T94674-MON;1;2;1;FR;FR;1;09/09/1999;;T94674;BOITE;TRF;114;Dranse;IL771;c0acda73-3321-58b5-9550-a475cb04a406
T94675-MON;1;2;1;FR;FR;1;09/09/1999;;T94675;BOITE;TRF;154;Dranse;IL772;bd5ba5a7-b5a9-509b-85a1-e2d23caa0db0
T94676-MON;1;2;1;FR;FR;1;09/09/1999;;T94676;BOITE;TRF;153;Dranse;IL773;30ce7a11-0b10-5fba-a611-cd8ecdd9718b
T94677-MON;1;2;1;FR;FR;1;09/09/1999;;T94677;BOITE;TRF;131;Dranse;IL774;4689241d-93da-5665-8edb-ab231cd7adfd
T94678-MON;1;2;1;FR;FR;1;09/09/1999;;T94678;BOITE;TRF;129;Dranse;IL775;50948d18-3110-5241-8629-a83ef271ed23
T94679-MON;1;2;1;FR;FR;1;09/09/1999;;T94679;BOITE;TRF;104;Dranse;IL776;cdc47392-1904-5c7c-9d0e-15e8df4c5738
T94680-MON;1;2;1;FR;FR;1;09/09/1999;;T94680;BOITE;TRF;122;Dranse;IL777;79eef7ce-6ea5-5731-84ee-9fe8471d0b48
T94681-MON;1;2;1;FR;FR;1;09/09/1999;;T94681;BOITE;TRF;120;Dranse;IL778;4f7dd4fe-0b1f-5925-8be6-78425293f532
T94682-MON;1;2;1;FR;FR;1;09/09/1999;;T94682;BOITE;TRF;100;Dranse;IL779;208f4d94-a69f-5319-a1c3-92e540f62911
T94683-MON;1;2;1;FR;FR;1;09/09/1999;;T94683;BOITE;TRF;112;Dranse;IL780;5c454ed8-74dd-59cc-8f32-d9099a7930c9
T94684-MON;1;2;1;FR;FR;1;07/09/1999;;T94684;BOITE;TRF;267;Dranse;IL293;c5ff20f6-f4b6-577a-a666-0a4d9efcc015
T94685-MON;1;2;1;FR;FR;1;07/09/1999;;T94685;BOITE;TRF;177;Dranse;IL296;f94d2282-36b5-57a2-89cf-cbe8ad5095e5
T94686-MON;1;2;1;FR;FR;1;07/09/1999;;T94686;BOITE;TRF;224;Dranse;IL441;e01b6b22-66b1-586d-94f3-d714038d54dc
T94687-MON;1;2;1;FR;FR;1;07/09/1999;;T94687;BOITE;TRF;263;Dranse;IL442;cbe18458-6711-5d5d-af99-74333d306d37
T94688-MON;1;2;1;FR;FR;1;07/09/1999;;T94688;BOITE;TRF;215;Dranse;IL443;e1e88c88-cbc1-5008-9555-4e44965ad153
T94689-MON;1;2;1;FR;FR;1;07/09/1999;;T94689;BOITE;TRF;203;Dranse;IL444;8f0aec0e-42a7-529c-afce-53290a2ff4dc
T94690-MON;1;2;1;FR;FR;1;07/09/1999;;T94690;BOITE;TRF;167;Dranse;IL452;f67b5754-8ca0-51c7-bffc-c03cb748f4d9
T94691-MON;1;2;1;FR;FR;1;07/09/1999;;T94691;BOITE;TRF;136;Dranse;IL453;61da5c29-1310-50c5-aa3f-dc385bbf060e
T94692-MON;1;2;1;FR;FR;1;07/09/1999;;T94692;BOITE;TRF;165;Dranse;IL454;9dae6035-5fa0-5e6f-9169-b60ae06de249
T94693-MON;1;2;1;FR;FR;1;07/09/1999;;T94693;BOITE;TRF;136;Dranse;IL455;bc3bf383-6be0-54f5-ad1a-4e4749b9bf0b
T94694-MON;1;2;1;FR;FR;1;07/09/1999;;T94694;BOITE;TRF;148;Dranse;IL456;c9c40dde-4d12-5e05-bd0c-a85121337c53
T94695-MON;1;2;1;FR;FR;1;07/09/1999;;T94695;BOITE;TRF;156;Dranse;IL302;239b23bd-80db-50cd-987b-2fec43c6d043
T94696-MON;1;2;1;FR;FR;1;07/09/1999;;T94696;BOITE;TRF;124;Dranse;IL303;59c3cbfa-e890-514a-a283-58b32afe30a3
T94697-MON;1;2;1;FR;FR;1;07/09/1999;;T94697;BOITE;TRF;271;Dranse;IL305;f7254593-e269-5334-8f71-b97b665a3150
T94698-MON;1;2;1;FR;FR;1;07/09/1999;;T94698;BOITE;TRF;183;Dranse;IL330;2fa8c524-b18d-5828-a289-e690296f20f6
T94699-MON;1;2;1;FR;FR;1;07/09/1999;;T94699;BOITE;TRF;210;Dranse;IL331;b2c9f4a3-e237-5b24-8bd1-7b65e5773d41
T94700-MON;1;2;1;FR;FR;1;07/09/1999;;T94700;BOITE;TRF;184;Dranse;IL332;e3961605-7ae3-56a1-bd33-d637f76755ed
T94701-MON;1;2;1;FR;FR;1;07/09/1999;;T94701;BOITE;TRF;156;Dranse;IL333;961156c0-4435-5151-87d1-b6221118d287
T94702-MON;1;2;1;FR;FR;1;07/09/1999;;T94702;BOITE;TRF;180;Dranse;IL334;1294ef2f-a46d-5fe7-b0af-937e64d8b448
T94703-MON;1;2;1;FR;FR;1;07/09/1999;;T94703;BOITE;TRF;121;Dranse;IL316;beedadc8-a323-5fd6-959d-9e1b8eabf920
T94704-MON;1;2;1;FR;FR;1;07/09/1999;;T94704;BOITE;TRF;178;Dranse;IL319;786c9a5e-8310-5deb-afc6-5169be657d85
T94705-MON;1;2;1;FR;FR;1;07/09/1999;;T94705;BOITE;TRF;160;Dranse;IL321;4d56d516-bc51-5f08-8baf-4ff89d7f5d5e
T94706-MON;1;2;1;FR;FR;1;07/09/1999;;T94706;BOITE;TRF;263;Dranse;IL325;ee3182d6-41f4-582c-867f-f2ae0cba0cb2
T94707-MON;1;2;1;FR;FR;1;07/09/1999;;T94707;BOITE;TRF;180;Dranse;IL328;c02da828-d7b3-57cf-a722-bf5f114e1692
T94708-MON;1;2;1;FR;FR;1;07/09/1999;;T94708;BOITE;TRF;233;Dranse;IL322;1334db65-f4a0-572d-813f-96433f7bdb1f
T94709-MON;1;2;1;FR;FR;1;07/09/1999;;T94709;BOITE;TRF;202;Dranse;IL323;bcb17634-9aaf-53ca-bf68-87600ac17411
T94710-MON;1;2;1;FR;FR;1;07/09/1999;;T94710;BOITE;TRF;154;Dranse;IL324;4c50fc97-c84f-5a50-9fdc-cfdfaa51b61d
T94711-MON;1;2;1;FR;FR;1;07/09/1999;;T94711;BOITE;TRF;158;Dranse;IL320;47d80876-d38d-5d79-af59-6305300ec1af
T94712-MON;1;2;1;FR;FR;1;07/09/1999;;T94712;BOITE;TRF;242;Dranse;IL326;21ef8107-394e-5aaa-aa11-dd4b697facb3
T94713-MON;1;2;1;FR;FR;1;07/09/1999;;T94713;BOITE;TRF;171;Dranse;IL327;0952a0da-37be-53e7-8f6f-beb9f8cd78f1
T94714-MON;1;2;1;FR;FR;1;07/09/1999;;T94714;BOITE;TRF;166;Dranse;IL310;8557df4d-9203-57e1-8c0d-6eefa56b1984
T94715-MON;1;2;1;FR;FR;1;07/09/1999;;T94715;BOITE;TRF;175;Dranse;IL311;60131fd3-e9cd-5a9b-9b08-01895c9cec48
T94716-MON;1;2;1;FR;FR;1;07/09/1999;;T94716;BOITE;TRF;164;Dranse;IL312;80858f48-99d9-553b-81d7-a7e15eca3aa4
T94717-MON;1;2;1;FR;FR;1;07/09/1999;;T94717;BOITE;TRF;129;Dranse;IL313;6aa1aff0-43e6-5f65-9f1e-99b44c703969
T94718-MON;1;2;1;FR;FR;1;07/09/1999;;T94718;BOITE;TRF;132;Dranse;IL314;3ca9cef5-424a-505b-a2fe-bb8da033296e
T94719-MON;1;2;1;FR;FR;1;07/09/1999;;T94719;BOITE;TRF;115;Dranse;IL315;54a44187-dfc9-5dca-89bb-94cc62b633bf
T94720-MON;1;2;1;FR;FR;1;07/09/1999;;T94720;BOITE;TRF;156;Dranse;IL449;728fa70d-f71b-5e08-b15c-5394c711440a
T94721-MON;1;2;1;FR;FR;1;07/09/1999;;T94721;BOITE;TRF;294;Dranse;IL294;51a9f904-9f37-56fe-8a4b-f0c59941321f
T94722-MON;1;2;1;FR;FR;1;07/09/1999;;T94722;BOITE;TRF;237;Dranse;IL295;ede69841-8d11-5d0b-9f7f-1f91eb551311
T94723-MON;1;2;1;FR;FR;1;07/09/1999;;T94723;BOITE;TRF;216;Dranse;IL297;c7f10d84-18c5-5642-9282-e1ab151d2367
T94724-MON;1;2;1;FR;FR;1;07/09/1999;;T94724;BOITE;TRF;175;Dranse;IL298;57d1594a-36e6-5619-8b96-45a8d1369813
T94725-MON;1;2;1;FR;FR;1;07/09/1999;;T94725;BOITE;TRF;184;Dranse;IL299;7a3d725e-563a-5988-8f51-08758a0e8c63
T94726-MON;1;2;1;FR;FR;1;07/09/1999;;T94726;BOITE;TRF;165;Dranse;IL300;ad2e6016-f5fc-534e-bb48-ba8abd208051
T94727-MON;1;2;1;FR;FR;1;07/09/1999;;T94727;BOITE;TRF;244;Dranse;IL306;fe12dbc6-421a-5d6d-9d12-0fb9f2c1c883
T94728-MON;1;2;1;FR;FR;1;07/09/1999;;T94728;BOITE;TRF;216;Dranse;IL307;2bdfbb17-d7ce-500e-b244-7c1dff182e5a
T94729-MON;1;2;1;FR;FR;1;07/09/1999;;T94729;BOITE;TRF;295;Dranse;IL304;0062e3d6-318e-5bf9-865c-6a48bbb0a41d
T94730-MON;1;2;1;FR;FR;1;07/09/1999;;T94730;BOITE;TRF;170;Dranse;IL309;5e5dd807-c20b-52c3-b3b9-a3c940abfc5f
T94731-MON;1;2;1;FR;FR;1;07/09/1999;;T94731;BOITE;TRF;120;Dranse;IL410;1e8d5a5c-165a-57fb-9d20-a05fe37b0d72
T94732-MON;1;2;1;FR;FR;1;07/09/1999;;T94732;BOITE;TRF;114;Dranse;IL411;6b04733d-e8ea-5d87-aa1e-cc1743288628
T94733-MON;1;2;1;FR;FR;1;07/09/1999;;T94733;BOITE;TRF;115;Dranse;IL412;e6118e7f-0af2-5b9b-aab5-c06f64536aa8
T94734-MON;1;2;1;FR;FR;1;07/09/1999;;T94734;BOITE;TRF;226;Dranse;IL423;378de1a2-c829-5058-9208-16ddf2b46f8e
T94735-MON;1;2;1;FR;FR;1;07/09/1999;;T94735;BOITE;TRF;134;Dranse;IL400;17451a65-ec07-5346-b113-becc419fa670
T94736-MON;1;2;1;FR;FR;1;07/09/1999;;T94736;BOITE;TRF;114;Dranse;IL402;018ce4d8-8316-5717-815f-a0d0706e67b6
T94737-MON;1;2;1;FR;FR;1;07/09/1999;;T94737;BOITE;TRF;136;Dranse;IL403;07084f3e-1260-5186-8694-4cf348bd7eab
T94738-MON;1;2;1;FR;FR;1;07/09/1999;;T94738;BOITE;TRF;135;Dranse;IL404;4e4178bd-bb8f-506a-a44f-9c473079a80d
T94739-MON;1;2;1;FR;FR;1;07/09/1999;;T94739;BOITE;TRF;108;Dranse;IL405;8955c6a1-c000-573b-96c1-640085ca8b99
T94740-MON;1;2;1;FR;FR;1;07/09/1999;;T94740;BOITE;TRF;122;Dranse;IL408;8e17655f-033c-56be-800d-224994381aba
T94741-MON;1;2;1;FR;FR;1;07/09/1999;;T94741;BOITE;TRF;147;Dranse;IL370;156f005c-f22f-5394-a7a5-8b68c357a2d0
T94742-MON;1;2;1;FR;FR;1;07/09/1999;;T94742;BOITE;TRF;151;Dranse;IL371;90cc02e0-d61f-52ef-b6ce-e8aebb16bffc
T94743-MON;1;2;1;FR;FR;1;07/09/1999;;T94743;BOITE;TRF;159;Dranse;IL373;abf6046d-11f4-57c1-8e11-e3d0a69802ca
T94744-MON;1;2;1;FR;FR;1;07/09/1999;;T94744;BOITE;TRF;169;Dranse;IL367;9bf09263-1111-51fd-aacb-50ff96e69b99
T94745-MON;1;2;1;FR;FR;1;07/09/1999;;T94745;BOITE;TRF;142;Dranse;IL368;39883551-b9c9-56bc-8678-0c2c6bc63125
T94746-MON;1;2;1;FR;FR;1;07/09/1999;;T94746;BOITE;TRF;125;Dranse;IL369;cf066d3e-5c26-5556-964a-4a2183fba5c2
T94747-MON;1;2;1;FR;FR;1;07/09/1999;;T94747;BOITE;TRF;166;Dranse;IL362;1d73cb72-59f4-5634-bfb5-3df6063d7239
T94748-MON;1;2;1;FR;FR;1;07/09/1999;;T94748;BOITE;TRF;341;Dranse;IL418;bbbdaaf9-b448-5153-accc-eff05562dc65
T94749-MON;1;2;1;FR;FR;1;07/09/1999;;T94749;BOITE;TRF;328;Dranse;IL419;50bd3fba-ed47-5885-891c-beb983fe7186
T94750-MON;1;2;1;FR;FR;1;07/09/1999;;T94750;BOITE;TRF;292;Dranse;IL420;b9f81d5d-8b71-556d-bd45-2cabe6027247
T94751-MON;1;2;1;FR;FR;1;07/09/1999;;T94751;BOITE;TRF;261;Dranse;IL421;9edd3ea3-86e6-5665-ad99-9364a166eabd
T94752-MON;1;2;1;FR;FR;1;07/09/1999;;T94752;BOITE;TRF;225;Dranse;IL422;429b46ae-8db5-5cbe-af7b-771bbeafffb0
T94753-MON;1;2;1;FR;FR;1;07/09/1999;;T94753;BOITE;TRF;178;Dranse;IL329;bd093d23-f833-501b-9d70-242087129810
T94754-MON;1;2;1;FR;FR;1;07/09/1999;;T94754;BOITE;TRF;146;Dranse;IL335;b0c2a12a-d82b-5805-94bd-bdb7c855fc6a
T94755-MON;1;2;1;FR;FR;1;07/09/1999;;T94755;BOITE;TRF;193;Dranse;IL336;14f1f53a-cc74-591d-830f-c8d401c1d481
T94756-MON;1;2;1;FR;FR;1;07/09/1999;;T94756;BOITE;TRF;130;Dranse;IL337;98642eb3-ebbc-5771-a4b2-4b8aba5a2bf0
T94757-MON;1;2;1;FR;FR;1;07/09/1999;;T94757;BOITE;TRF;132;Dranse;IL338;ebd14468-f0f9-5391-a4d9-2c4bccd9efdb
T94758-MON;1;2;1;FR;FR;1;07/09/1999;;T94758;BOITE;TRF;124;Dranse;IL339;8f72b267-1377-50fc-9a59-6deb0d1cd540
T94759-MON;1;2;1;FR;FR;1;07/09/1999;;T94759;BOITE;TRF;111;Dranse;IL340;8dffefaf-74f5-59e5-bf18-49ce7fd14e32
T94760-MON;1;2;1;FR;FR;1;07/09/1999;;T94760;BOITE;TRF;198;Dranse;IL349;b5ed25ad-673b-5049-9e6d-78d2c56c0a4f
T94761-MON;1;2;1;FR;FR;1;07/09/1999;;T94761;BOITE;TRF;169;Dranse;IL350;d66326e3-9f0c-59c2-af04-148ef1a6198b
T94762-MON;1;2;1;FR;FR;1;07/09/1999;;T94762;BOITE;TRF;226;Dranse;IL351;3ce6320a-fdf9-5561-8c24-124a12a475a9
T94763-MON;1;2;1;FR;FR;1;07/09/1999;;T94763;BOITE;TRF;165;Dranse;IL352;17ea9b2b-6462-581d-bc24-e6dbf9a9aba4
T94764-MON;1;2;1;FR;FR;1;07/09/1999;;T94764;BOITE;TRF;253;Dranse;IL353;5f490bc9-f828-50b3-96ec-c560f8777701
T94765-MON;1;2;1;FR;FR;1;07/09/1999;;T94765;BOITE;TRF;235;Dranse;IL354;b0bcf5f0-5433-55cf-8cf0-f6edd096f2c1
T94766-MON;1;2;1;FR;FR;1;07/09/1999;;T94766;BOITE;TRF;170;Dranse;IL355;21f00223-5781-5722-939c-85ac25e3537f
T94767-MON;1;2;1;FR;FR;1;07/09/1999;;T94767;BOITE;TRF;165;Dranse;IL356;d2d10366-1097-5e0c-9e96-e286233637bb
T94768-MON;1;2;1;FR;FR;1;07/09/1999;;T94768;BOITE;TRF;140;Dranse;IL357;c7ee6d19-8437-57ab-b6ae-2ddaa90a91b1
T94769-MON;1;2;1;FR;FR;1;07/09/1999;;T94769;BOITE;TRF;241;Dranse;IL358;819a5c1d-d60b-59da-8aca-898d7fb495fa
T94770-MON;1;2;1;FR;FR;1;07/09/1999;;T94770;BOITE;TRF;182;Dranse;IL359;7a2f51d7-49eb-5608-adfb-9c5abb4981fb
T94771-MON;1;2;1;FR;FR;1;07/09/1999;;T94771;BOITE;TRF;144;Dranse;IL360;7332e8e6-12d7-50de-b70b-016279a23b76
T94772-MON;1;2;1;FR;FR;1;07/09/1999;;T94772;BOITE;TRF;151;Dranse;IL361;e24d3ddf-e9f4-58c9-9e78-37ce4de2f848
T94773-MON;1;2;1;FR;FR;1;07/09/1999;;T94773;BOITE;TRF;152;Dranse;IL363;5651e632-27a1-5771-9726-9483a1f43289
T94774-MON;1;2;1;FR;FR;1;07/09/1999;;T94774;BOITE;TRF;171;Dranse;IL364;7044ff73-2942-5a58-b615-a899cb26432a
T94775-MON;1;2;1;FR;FR;1;07/09/1999;;T94775;BOITE;TRF;133;Dranse;IL365;90e74a4d-93cd-51e1-acc5-afcf4036ce66
T94776-MON;1;2;1;FR;FR;1;07/09/1999;;T94776;BOITE;TRF;131;Dranse;IL366;cff39555-b6c8-51d4-af26-cab94d741485
T94973-MON;1;2;1;FR;FR;1;06/09/1999;;T94973;BOITE;TRF;187;Dranse;IL140;ee1ebbb3-5889-5cd9-9566-df5f0cf26f1a
T94974-MON;1;2;1;FR;FR;1;06/09/1999;;T94974;BOITE;TRF;127;Dranse;IL147;935bb407-4215-59b6-aff8-f14e2447c9fa
T94975-MON;1;2;1;FR;FR;1;06/09/1999;;T94975;BOITE;TRF;177;Dranse;IL155;d5af3890-4456-597f-89d1-9e95f11ceb95
T94976-MON;1;2;1;FR;FR;1;06/09/1999;;T94976;BOITE;TRF;146;Dranse;IL156;5d292da7-aa86-5514-8bcb-7ea88df22f0b
T94977-MON;1;2;1;FR;FR;1;06/09/1999;;T94977;BOITE;TRF;167;Dranse;IL157;47e4b7de-56d0-58d2-a9ea-783f9602cf9d
T94978-MON;1;2;1;FR;FR;1;06/09/1999;;T94978;BOITE;TRF;167;Dranse;IL158;cfa67518-7e67-5698-a8bf-ed97fc303a62
T94979-MON;1;2;1;FR;FR;1;06/09/1999;;T94979;BOITE;TRF;127;Dranse;IL159;fc570dc4-5c00-5be0-8a88-1b801886fe9c
T94980-MON;1;2;1;FR;FR;1;06/09/1999;;T94980;BOITE;TRF;126;Dranse;IL160;57dff6a5-20b7-53d6-9b4a-854843c0e65d
T94981-MON;1;2;1;FR;FR;1;06/09/1999;;T94981;BOITE;TRF;117;Dranse;IL161;aecab433-de9f-54d5-93f9-492e36656da8
T94982-MON;1;2;1;FR;FR;1;06/09/1999;;T94982;BOITE;TRF;142;Dranse;IL162;a9a2700c-20e9-561a-8173-69d3fd336575
T94983-MON;1;2;1;FR;FR;1;06/09/1999;;T94983;BOITE;TRF;115;Dranse;IL164;875bb7fc-a207-522e-ab2b-d2561a0bde1c
T94984-MON;1;2;1;FR;FR;1;06/09/1999;;T94984;BOITE;TRF;123;Dranse;IL165;bf2c557f-e126-5712-9d8a-fc02c838e1e7
